wf_name,inp_size,ms_1_A1,ms_2_A1,ms_1_A2,ms_2_A2,ms_1_A3,ms_2_A3,ms_1_A4,ms_2_A4,ms_1_A5,ms_2_A5,size,deviations
atacseq_30000.dot,14091675276,1596304149.55809,1754081151.22774,1594847108.37012,2152673194.87711,1595242763.26708,359210030.064953,1595154892.96302,763027747.105878,1593094160.48066,407728271.11598,30000,False
chipseq_15000.dot,41366257414,2464777611.37455,2824716062.86246,2464348745.38921,2823100566.35223,2454981916.515,1204540902.35687,2465649226.79946,1442949636.11003,2464133705.45959,1221516341.39376,15000,False
methylseq_15000.dot,6761426956,568024905.763842,568983221.724436,568024905.763842,568983304.056315,568024905.763842,748346357.149812,568024905.763842,568983993.663297,568024905.764215,709723830.929813,15000,False
atacseq_15000.dot,3908761308,258084057.182241,321611992.788877,254847867.81317,341349063.827045,257188810.025587,190172197.043727,258021326.620476,211052049.099314,269514535.828009,191779448.436427,15000,False
eager,19075314980,2206378.29022098,2137662.62654807,1750157.62928399,1699886.04128364,1686502.76401913,1591132.86391477,912690.703178241,1808937.33766888,935922.023803105,1808937.33766888,100,False
eager_1000.dot,25705994498,29629588.7605328,42600699.565789,29818299.4079416,44792668.0339255,28463907.6103823,11315013.561281,30883806.8064731,6903500.79165504,32393629.3457026,7860670.16269125,1000,False
eager_20000.dot,8330435694,427525402.977796,588454930.617404,424873631.222637,455153709.771453,413590767.641969,365613960.102269,427951387.906868,472364117.606651,416228942.436426,353245403.232973,20000,False
eager_25000.dot,14754556884,423441531.639122,805304490.013821,422594173.276443,697585402.520456,404689720.626101,188869487.499249,418097844.962766,206200150.524873,420853055.541941,202617942.197483,25000,False
methylseq_1000.dot,110641579976,265442678.311565,265240086.880358,265442678.311565,265240086.880358,265442678.311565,282910380.865969,265442678.311565,265240086.880358,265442678.311565,269484815.570684,1000,False
chipseq_200.dot,5058052541,3155990.2975679,2483400.80896391,3820179.11881253,3452651.12814188,3202274.42299319,2100382.16158913,3206878.06977585,2123689.39479583,3171455.72812203,2123440.86998336,200,False
atacseq_30000.dot,11809629756,1017901802.74975,1054347660.57536,979076323.963354,1043870396.9297,992565992.063697,218186609.190169,978716126.615196,334459483.852068,1009292545.43309,248411672.034835,30000,False
methylseq_1000.dot,6273818718,16577333.1343806,16594149.0548578,16577333.1343806,16594144.0735871,16577354.5265096,20234020.7285749,16577333.1343806,16594161.8876619,16577344.6347379,18556078.8704518,1000,False
chipseq_4000.dot,41366257414,648687274.514294,709435528.932386,649591484.077395,709425622.905015,648498362.97147,323814817.619234,649010449.069255,467329419.984074,647863492.686025,325161666.19503,4000,False
atacseq_2000.dot,14091675276,107048739.541852,108782449.446444,106641327.176892,135950148.909366,106655392.37142,24540172.5294219,106707339.081116,45032207.7984135,106263548.094864,24898052.8024692,2000,False
atacseq_1000.dot,11809629756,23173726.2053876,29799404.4781901,23512687.3564572,28244620.450113,22996052.9064288,7141005.37974516,23042599.2511078,7280508.85899038,22253141.5874758,6670503.1000618,1000,False
methylseq_200.dot,17027257018,17370621.7702448,17379142.1238793,17370621.7702448,17379147.4963793,17370650.1075558,17389610.0127831,17370621.7702448,17379147.5051321,17370638.1910843,20843823.0970907,200,False
methylseq_30000.dot,110641579976,7590703769.73041,7615252261.88822,7590703769.73041,7615252261.88822,7590703769.73041,8033428111.96797,7590703769.73041,7615252490.04723,7590703769.73041,8213752012.39051,30000,False
methylseq_8000.dot,110641579976,2032784114.06294,2040174463.00582,2032784114.06294,2040174463.00582,2032784114.06294,2172762953.04496,2032784114.06294,2040174509.06857,2032784114.06294,2187572441.77724,8000,False
methylseq_20000.dot,6761426956,758725034.267595,759995921.045628,758725034.267595,759995919.155544,758725045.144008,937991741.349253,758725034.267595,759996516.061466,758725046.79401,949019888.009848,20000,False
atacseq_8000.dot,3908761308,141265089.148209,168126549.011218,136365017.645437,176324039.130532,135577787.789849,98712922.8899435,137222992.295342,106893182.95372,139562021.078309,100768919.936075,8000,False
methylseq_8000.dot,17027257018,766445344.691455,767375179.472995,766445344.691455,767375179.472995,766445344.691455,962122140.142492,766445344.691455,767375217.802213,766445344.691455,1142963116.69235,8000,False
atacseq_10000.dot,14091675276,534832899.263322,565930688.478307,534785791.081744,699477961.616444,534938884.665887,118671010.875524,535152841.737571,247265574.847243,534669657.849477,134231811.965789,10000,False
atacseq_20000.dot,11809629756,674301841.48949,701607389.830814,653268854.914485,693336575.494419,661020343.472071,145037732.418278,660101391.430696,220131130.027166,676876703.27977,164646595.26892,20000,False
atacseq_30000.dot,3908761308,531585314.826837,650394345.298518,500237704.806757,702184300.368173,498988138.570562,390207149.10421,522203622.736727,442885787.139764,544567356.237705,386932883.572286,30000,False
eager_2000.dot,25705994498,68060624.8150077,108523556.017315,68838386.8874503,96073452.2643237,64281072.1030006,17241705.7280496,67365515.4434095,17775920.6165144,66710145.0894454,19166067.680319,2000,False
eager_1000.dot,14754556884,17572870.8748505,20440281.3748683,16458604.9825655,17347460.7724649,16240451.6110089,5825631.86475591,14445001.7987755,4708997.12650494,14352171.7148803,6490247.82607154,1000,False
atacseq_30000.dot,11187378708,932067209.206318,1035138746.5105,883238636.287404,1005438043.97548,898853877.025363,202029155.884543,882587258.271206,315329442.899079,893576198.803981,231225989.928696,30000,False
methylseq_10000.dot,8885797810,496538311.271902,497358993.27606,496538309.37592,497358885.28909,496538315.379698,580885963.645973,496538310.08588,497359134.387822,496538320.660081,744274012.229545,10000,False
atacseq_4000.dot,11809629756,126205391.327902,135306825.465834,126041224.082807,133193223.777544,125949690.762921,29511981.3119739,126672195.074557,40228777.6428897,122520408.701446,29604551.2875291,4000,False
atacseq_1000.dot,14091675276,51893465.5493457,48935476.4263419,52437790.8575348,64230296.341954,51056328.3641487,10764486.3878678,51084733.2218668,20643061.6085658,50805604.2136476,11307204.6299614,1000,False
methylseq_4000.dot,6273818718,78948378.133151,79102962.4171628,78948378.133151,79102962.4221659,78948378.1329055,96790116.8070506,78948378.133151,79103031.5112703,78948378.133151,102591780.545463,4000,False
chipseq_1000.dot,4605965334,26946628.3617397,33786043.2426225,25880486.0115213,28117468.3360981,25199350.6290836,15671463.0010947,25542746.2110112,22765019.7303988,26988066.2107209,19855486.2515698,1000,False
atacseq_200.dot,11809629756,221756.461535114,206423.998859087,222575.844540783,208903.533876654,223321.927539639,210383.763956306,225140.662785114,208147.900462843,225591.164395005,210634.378796177,200,False
eager_8000.dot,19075314980,180167915.922258,317002932.059431,176389622.369463,275623433.935048,172615051.5475,89428378.8313498,175080964.210028,86015242.0238957,174155355.046372,101615582.683008,8000,False
methylseq_10000.dot,110641579976,2539308717.78543,2546840767.63547,2539308717.78543,2546840767.63547,2539308717.78543,2712686378.77607,2539308717.78543,2546840841.17944,2539308717.78543,2734473418.84177,10000,False
methylseq_2000.dot,22500260922,42071429.5511063,42355981.2904612,42071429.5511063,42355981.2904612,42071429.5510325,50227637.4854054,42071429.5511063,42356005.3528541,42071429.5511063,47414689.8300985,2000,False
chipseq_200.dot,32978181418,28952136.3717041,33292170.684201,28952136.3717041,33505741.5276879,25804286.9841864,21712241.9871148,28774046.5320703,31469380.519931,28631772.070201,20095381.4617858,200,False
chipseq_2000.dot,4605965334,57421138.1855436,69268669.9784485,57558482.1784387,65719742.8685507,58117086.6151967,40353205.5603917,57454610.0876237,51634463.3418593,56759887.5471202,50565788.5724303,2000,False
methylseq_30000.dot,8885797810,1498571397.80419,1501085575.48229,1498571397.80419,1501085741.70719,1498571397.80419,1884155014.32034,1498571397.80419,1501086566.44758,1498571397.80419,1876896914.53057,30000,False
eager_20000.dot,19075314980,456311937.037945,798389507.003808,447613019.437224,697403758.578924,435064949.263902,241446084.787389,445863880.480606,215964335.107419,443719479.962993,257986841.074288,20000,False
atacseq_8000.dot,11809629756,248804345.121814,277768503.19108,249616944.196558,271226191.62309,251488524.713728,57580762.2391115,248602284.222011,86101986.5169732,249338024.392293,64708642.3734716,8000,False
eager_30000.dot,19100037384,680187012.047661,1221098653.58359,684381191.603327,1051965130.58782,665875896.72614,349123576.415175,676277645.497289,324053100.001902,681841988.316412,390344768.603808,30000,False
chipseq_200.dot,4807293396,2994045.72266486,2409277.25967098,3676898.99487917,3259572.05891475,2007192.83981477,1995876.95227409,3041033.69066537,2719193.84494756,3011326.9690427,2015012.70616138,200,False
chipseq_200.dot,3793245764,56167.9110000001,749638.944232714,56167.9110000001,633346.950738445,56167.911,56167.911,56167.9110000001,56167.9110000001,56167.9110000001,56167.911,200,False
eager_8000.dot,19132169434,181997628.640266,319020119.61011,179518486.743334,275556811.724684,173247625.558493,89157815.7903329,179689805.788206,86611477.93334,175370332.226457,101539217.735984,8000,False
atacseq_10000.dot,11187378708,297144464.091535,333350831.443875,298046476.290959,321789262.678232,297159409.10013,66124834.0044461,292885486.693505,100801827.639394,300060145.677463,74851712.9458146,10000,False
chipseq_20000.dot,4807293396,639857080.701977,806949599.401956,635880721.537178,846964878.348434,639442336.481466,472126866.352144,638469540.882317,545449875.985352,660077231.439823,430642247.144106,20000,False
chipseq_10000.dot,5058052541,343602176.376593,476290347.946543,347468175.252861,466645519.747738,350303084.101916,260419423.664062,350241867.019968,310001395.467984,346573011.894879,320470732.74815,10000,False
atacseq,3908761308,55562.4026291754,29956.8083490457,61610.002630626,32908.7449740457,47181.8490998564,34536.204682091,58068.2717677692,34940.586817165,55811.544556282,34940.586817165,100,False
atacseq_4000.dot,11187378708,119102191.413987,131189496.674744,118239508.126285,127495142.077833,120655331.810664,25081292.5349968,118383129.452729,36465555.3798244,121816732.543402,27374845.7606416,4000,False
chipseq_4000.dot,32978181418,801627647.928454,891039557.205978,800843620.871737,880287104.402135,802206438.066337,469182459.571946,799996328.328689,816543635.913406,801334691.301628,468116518.360848,4000,False
eager_4000.dot,19075314980,90870255.3159132,150494505.523617,89453153.1408521,133997682.521235,86742023.4695909,45380693.1605641,89543551.9901503,43035713.7992457,86288788.3523449,48986238.1271542,4000,False
methylseq_4000.dot,17027257018,381505566.942365,381966233.614223,381505566.942365,381966233.614223,381505566.942365,486294853.018425,381505566.942365,381966260.175184,381505566.942365,569727636.117118,4000,False
chipseq_1000.dot,41366257414,153585445.963057,169223232.224839,153403563.266971,169338357.948912,152523612.069762,82808136.9996421,153081026.093214,108667107.141076,152625303.221142,81758135.0576673,1000,False
atacseq_10000.dot,3908761308,175720758.816487,211129949.971792,170584767.155582,222341172.826782,167194161.351287,122898879.560977,171100257.445049,135527743.878268,178662951.701092,124882306.876757,10000,False
eager_1000.dot,19100037384,24148459.2679393,28513403.9562514,22830680.460971,24604874.9116921,21737769.4623192,10778852.3694588,22885241.1308356,9734518.03565516,21510126.1119869,9911789.38762027,1000,False
eager_25000.dot,25705994498,843631596.474377,1298893017.89085,881148854.249444,1196636494.4688,849728290.924893,185736954.897904,869450540.512767,228132133.899278,851265680.108409,228570370.446698,25000,False
chipseq_25000.dot,41366257414,4108567802.53976,4780920031.46604,4113160518.85903,4777222766.05096,4097569476.69355,2006481356.82731,4108044127.21701,2688657157.4887,4098830250.40389,2040301678.80093,25000,False
atacseq,14091675276,3010560.32565464,2801411.717984,3010560.32565464,2804039.72776561,769933.528283452,693313.438971321,2173302.36768542,2066360.8585961,1313224.33018284,693313.438971321,100,False
methylseq_15000.dot,11897958606,1008496757.82983,1010093900.64094,1008496757.82983,1010093900.64552,1008496760.6738,1515919981.14596,1008496757.82983,1010094063.77795,1008496770.16464,1260577384.92846,15000,False
atacseq_30000.dot,2223941232,378781096.951596,385167287.297985,355045463.569755,414398307.949391,325304760.087488,152123491.125268,338886773.326036,219444510.754613,371993635.342609,181869625.300851,30000,False
methylseq_1000.dot,11897958606,65479529.8676151,65572121.2992906,65479529.8676151,65572124.2510234,65479532.7131151,94754639.3715642,65479529.8676151,65572146.0192105,65479542.2036915,80172407.0720751,1000,False
atacseq_2000.dot,3908761308,29375602.3534839,41249465.7195416,28885178.6301165,39994770.7914875,27769073.1440262,21865292.0624406,28044053.9656875,21520726.6895803,27785258.3238408,20100751.6238748,2000,False
methylseq,11897958606,18441.8166653709,18427.5635,18441.8166653709,18427.5635,18441.8166653709,18433.2545,18441.8166653709,18427.5635,18441.8166653709,18438.9764325321,100,False
chipseq_25000.dot,5058052541,865386250.645839,1215205646.7139,866034942.332,1178815371.00423,861483012.822815,702850682.942976,863422886.617765,801348620.684744,901709380.126674,660875883.902313,25000,False
methylseq_15000.dot,110641579976,3801369885.34992,3812800311.19466,3801369885.34992,3812800311.19466,3801369885.34992,4041719742.35538,3801369885.34992,3812800412.10447,3801369885.34992,4402627186.84613,15000,False
methylseq_15000.dot,17027257018,1442691267.24129,1444457239.47095,1442691267.24129,1444457239.47095,1442691267.24129,2167763704.51325,1442691267.24129,1444457318.80927,1442691267.24129,2157374225.92154,15000,False
eager,14754556884,561018.393167068,505630.98743924,258318.169595571,233930.090368385,243339.576775144,199924.015789395,224093.770221339,200736.126756005,243339.576775144,179949.096250709,100,False
chipseq_2000.dot,32978181418,390487320.311611,441669262.4484,392100295.853038,437290803.751175,392546490.133136,234571391.617609,391306904.076324,406245244.185224,392912286.658015,231194024.428801,2000,False
eager_2000.dot,19100037384,47299322.3721778,72534324.4719305,47533613.4306746,63661798.2854663,45144976.5210714,22051610.4859245,45199888.4094497,21721199.5756603,45429982.3400789,22805533.6366072,2000,False
atacseq_20000.dot,14091675276,1104793069.78582,1158089730.60786,1104527575.10174,1423143188.12504,1103976722.59035,236877196.410112,1103958641.66303,505128937.47488,1103108049.89288,271256644.656507,20000,False
atacseq_20000.dot,2223941232,247417943.641484,258526780.215667,229635282.885205,271929083.414465,210095701.912357,98552183.4116399,226268968.544151,142648637.072031,250479950.365685,120953636.728622,20000,False
chipseq_2000.dot,5058052541,67433010.5913781,90056445.3768725,66289399.8213457,85176261.5322816,63945014.6080763,48023396.9321108,66039179.885943,56141987.4069183,64786662.719819,45390284.7178386,2000,False
methylseq_20000.dot,11897958606,1345462164.57903,1347591727.87322,1345462164.57903,1347591686.47467,1345462164.57903,1945834406.22328,1345462164.57903,1347591993.70478,1345462164.57903,1680790708.04436,20000,False
atacseq_25000.dot,14091675276,1344397792.13797,1454822192.62336,1343970760.43687,1785652631.31225,1343711281.53143,296170796.485201,1344019249.17816,632631286.582886,1342674922.66472,339058271.979623,25000,False
atacseq_4000.dot,14091675276,224925482.69549,219343805.402919,224326056.24186,273189252.663456,224367840.636276,47322956.4298787,224153220.609242,93392998.0823697,224725298.757811,50995909.148577,4000,False
eager_200.dot,25705994498,2010959.07383027,3318096.72797279,1916868.18185556,3145045.91078714,2006900.02406749,3075132.80120139,2385010.49791093,1891344.24796992,2385010.62718354,2248062.53166101,200,False
chipseq_15000.dot,4605965334,456924939.200211,582488891.556604,448098230.881042,533452260.862929,467018676.258282,327009226.026687,447492320.417275,432336983.893674,466448844.504874,364986789.801087,15000,False
atacseq_15000.dot,14091675276,802936263.729802,862560293.974434,792766271.333497,1060274236.58209,802450528.696743,177048800.170387,792785238.75726,374222958.100603,799662319.839738,203455018.560606,15000,False
methylseq_200.dot,110641579976,56849220.9549982,55656600.0971805,56849220.9549982,55656600.0971805,56849220.9549976,64556973.5354213,56849220.9549982,55656600.0971805,56849220.9549982,52689746.3136915,200,False
methylseq,6273818718,9950.21661322558,9936.834125,9950.21661322558,9936.834125,9950.21661322558,9940.947125,9950.21661322558,9936.834125,9950.21661322558,9948.16394889471,100,False
atacseq_15000.dot,11187378708,479326809.483345,514695490.652594,465456468.180031,497556649.965216,464735246.23095,100414737.049,465589002.644776,153948078.209105,458757983.059898,114372476.736914,15000,False
eager,25705994498,1980446.95413917,3004809.41560048,1885370.14440849,3004809.41167488,1914686.21981799,3004809.41167488,1891935.25422866,1975632.08700291,1891935.25422866,1926779.57118036,100,False
methylseq_4000.dot,8885797810,195031743.032696,195351513.355188,195031743.032696,195351513.355188,195031743.032696,264332578.582053,195031743.032696,195351621.972581,195031743.032696,244343486.154371,4000,False
methylseq_20000.dot,110641579976,5064975263.83789,5081046515.67568,5064975263.83789,5081046515.67568,5064975263.83789,5273920240.88581,5064975263.83789,5081046658.93364,5064975263.83789,5474153737.4348,20000,False
chipseq_2000.dot,41366257414,319670915.697083,349493956.584831,319621175.669589,348483535.341224,319047777.023531,163883336.368202,319436135.176952,237630600.01022,318835693.598737,162836274.465394,2000,False
chipseq_15000.dot,32978181418,3061859969.20187,3472419158.4276,3061422748.63628,3427569498.96083,3058946331.68063,1770281677.03062,3061594428.14921,3210563355.44036,3062620520.89213,1769003708.67185,15000,False
chipseq_8000.dot,5058052541,274859534.776403,380109787.475312,275247535.204128,372109540.69064,277844046.584808,215069894.075301,279091092.545143,246032397.574525,275873020.105752,208900870.64961,8000,False
methylseq_8000.dot,8885797810,395433678.268725,396089352.030206,395433678.268725,396089350.00532,395433678.268725,474156020.45476,395433678.268725,396089542.648099,395433678.268725,494132590.692446,8000,False
chipseq_8000.dot,41366257414,1313749747.99798,1464320274.47051,1314829775.31393,1462527609.27025,1311284542.91889,648173653.991869,1314774326.69981,936581336.496724,1305140265.46948,650903820.687012,8000,False
methylseq_8000.dot,6273818718,162662388.307131,163213993.479037,162662388.307131,163213990.890268,162662392.071448,200107458.213675,162662388.30838,163209116.182622,162662295.394009,196429957.463431,8000,False
eager_15000.dot,19100037384,340310726.240263,604676347.11121,336427950.498969,524032142.872617,327080405.995837,175370513.941154,332762887.637787,162713545.202215,331557000.212883,194259847.680363,15000,False
chipseq_30000.dot,4807293396,996689657.379745,1217584394.08789,983698037.680787,1264254609.77509,960262529.189082,711803808.477224,987427900.859552,817180831.723336,967926615.57339,648970645.342436,30000,False
methylseq_30000.dot,6761426956,1138762624.61045,1140682046.39322,1138762624.61045,1140682188.91329,1138762624.61045,1431813044.86481,1138762624.61045,1140683081.4589,1138762624.61045,1426300564.58378,30000,False
chipseq_1000.dot,32978181418,186235464.457658,215519720.879223,186671058.311301,214977156.23861,185669081.798728,114367416.302971,186131719.284915,196066982.058824,185791871.440314,113287032.469621,1000,False
chipseq_30000.dot,4605965334,973714005.240855,1169659742.9701,924393543.131517,1068513761.63962,957780981.631846,673141550.713488,980654942.9434,875532059.525542,972706890.385584,701827612.140788,30000,False
methylseq_10000.dot,6273818718,204722702.895916,205281040.725946,204722702.895916,205280995.047653,204722749.447104,250986751.774609,204722702.895818,205281143.665735,204722609.981174,249666008.918179,10000,False
methylseq_25000.dot,6761426956,949430880.620294,951043380.42627,949430880.620294,951043528.40237,949430880.620294,1203528872.60143,949430880.620294,951044220.77575,949430880.620294,1186992989.65568,25000,False
chipseq_10000.dot,4605965334,300591838.858007,387609964.559865,306284939.76098,353633403.390234,308133105.179495,217113841.283278,306457571.426752,285247919.656679,320505544.547246,293702207.05742,10000,False
methylseq,22500260922,127455.682323359,127438.67936679,127455.682323359,127438.67936679,127455.682323359,127447.968325124,127455.682323359,127438.67936679,127455.682323359,127451.047344812,100,False
methylseq,110641579976,19083317.1858612,19083288.5698596,19083317.1858612,19083288.5698596,19083317.1858612,19083305.3227388,19083317.1858612,19083288.5698596,19083317.1858612,19083290.9111644,100,False
eager_25000.dot,8330435694,537280839.624624,726417890.230789,523318708.36023,566708005.278937,519062361.111498,461635086.265616,529362934.045695,596811909.778053,519003752.936782,463345075.07105,25000,False
chipseq_20000.dot,41366257414,3296650051.62176,3802039178.32437,3301454895.7444,3799460497.79375,3294276901.39708,1605478924.64425,3275788577.94359,2323207305.29157,3294034187.05977,1630813662.14374,20000,False
chipseq_20000.dot,5058052541,691175411.826236,970945976.771938,689940845.105112,964022345.394837,687643325.656306,539983304.301736,689281365.779534,639125730.403725,723685101.376628,501485821.627685,20000,False
chipseq_8000.dot,32978181418,1625204561.04087,1831898029.28908,1623394673.02259,1808118638.58118,1627306029.49763,944047522.641528,1623917406.27162,1686810131.8155,1623492464.15538,940852943.032243,8000,False
atacseq_25000.dot,11187378708,785680649.000442,864183675.161372,747435871.54987,836331628.424948,766012642.809706,168189881.824531,774387355.039845,261196840.216347,792274024.458481,191534136.081301,25000,False
atacseq_25000.dot,3908761308,448108464.449219,541338872.100076,433694947.654476,580925570.531801,427252382.437959,325428502.713276,433866260.425672,364262215.686357,449194990.190903,322238809.536102,25000,False
chipseq_4000.dot,5058052541,137381899.476854,183968013.085325,138014449.030557,176543091.583728,136269341.259928,102808614.516596,136178443.710048,117274039.865778,137574502.436792,97268054.9412631,4000,False
eager,8330435694,75262.7831290675,83051.9164670149,75262.7831290675,57697.0901510292,84069.3511051603,57854.0031393715,75252.7109415675,58353.8614010292,84069.3511051603,45741.8362382534,100,False
eager_15000.dot,14754556884,262180016.809893,484345450.899005,251230325.750099,416834978.318901,242105584.880853,112835139.948234,253181307.692247,113749006.526045,249218164.379141,122040207.300948,15000,False
chipseq_15000.dot,4807293396,483446518.494345,602414411.817893,480290659.888147,626813428.487233,488760882.952643,355762911.187877,485292964.391651,403118938.38803,490234094.12218,321405606.469655,15000,False
eager_4000.dot,25705994498,144328015.328648,210758842.329393,141589301.263945,191289130.398791,136889266.962443,32033924.7105495,139845233.947171,33668077.6270057,137057994.653419,36001552.9194919,4000,False
eager_8000.dot,19100037384,180407433.741434,315447628.312138,177335926.548988,275601926.188159,172841153.786516,89078996.8108269,175695531.638916,86234952.0891366,173263044.377853,101854877.62093,8000,False
methylseq_4000.dot,110641579976,1023778846.15877,1025989495.86821,1023778846.15877,1025989495.86821,1023778846.15877,1093466483.73945,1023778846.15877,1025989503.54745,1023778846.15877,1094864983.51041,4000,False
chipseq,3793245764,28482.0629183208,28083.9555,28482.0629183208,28083.9555,28482.0629183208,28083.9555,28482.0629183208,28083.9555,28482.0629183208,28083.9555,100,False
atacseq_200.dot,14091675276,4039957.92888118,4174383.75797253,4014996.23107276,4551315.3232324,1665348.75344067,694474.10041141,2641296.02000332,3000589.48013791,757548.042701777,694474.10041141,200,False
chipseq_25000.dot,32978181418,5111069482.06429,5897621018.76672,5111035159.03969,5821988712.61899,5114993995.60999,2952348918.15559,5109566704.55436,5392279947.03657,5111262403.33304,2951922919.60697,25000,False
eager_10000.dot,19100037384,228480944.629528,399279873.799533,224523136.874789,347087321.266518,217241107.131153,117059533.05071,222167455.786658,107252500.773819,221337619.982521,127748755.486925,10000,False
methylseq_30000.dot,11897958606,2016969145.99913,2020171142.39165,2016969145.99913,2020171142.39608,2016969145.99913,2834858068.63729,2016969145.99913,2020172013.41358,2016969145.99913,2526018329.6632,30000,False
atacseq_25000.dot,11809629756,811430412.533278,878794123.214449,804444732.524458,868460486.406258,800325667.710654,182270057.254724,807557215.475479,278356358.866352,825706581.454157,206446236.045102,25000,False
eager_30000.dot,19075314980,685094821.389485,1218357707.02865,678852554.117723,1050617454.98344,658425193.702123,350942635.232679,669219498.585265,323240971.501181,675718836.753278,389443218.826456,30000,False
methylseq_25000.dot,11897958606,1682427003.68455,1685096627.79233,1682427003.68455,1685096627.79233,1682427014.36897,2528950699.6084,1682427003.68455,1685096908.88704,1682427016.01923,2103417394.92833,25000,False
eager_15000.dot,19132169434,339760651.075191,601758144.761744,337124142.615864,523747955.009117,327930462.489913,177042211.072749,343177118.069027,163243393.148176,332717117.725836,182889460.679544,15000,False
methylseq_30000.dot,22500260922,666638869.001774,673220111.006437,666638869.001774,673220111.006437,666638869.001774,815949120.084191,666638869.001774,673220660.180735,666638869.001774,741709435.223054,30000,False
atacseq_2000.dot,11187378708,54511518.0392047,62608150.7912935,54422351.8380026,61664617.6448544,53576320.5861984,12364123.5822885,54596166.9075247,16210122.5770921,53016136.4239404,12949921.0822867,2000,False
methylseq_10000.dot,11897958606,671531909.23338,672589047.141735,671531909.23338,672589003.362056,671531932.030749,886608951.367061,671531909.23338,672589342.823801,671531921.569456,837984297.772684,10000,False
chipseq_25000.dot,4605965334,762563260.623039,972813847.500777,762884996.940318,889590971.980291,795095217.951082,566872812.060243,767200853.50701,730547994.011168,811879644.927885,596237698.941369,25000,False
methylseq_30000.dot,6273818718,621273713.130014,623438223.736234,621273713.130014,623438141.972373,621273716.89433,723567594.933712,621273713.130111,623438589.56781,621273620.215565,812711609.223889,30000,False
eager_30000.dot,8330435694,640912637.65321,871491037.059963,633785431.157213,677964466.115154,623290186.368936,559383627.345491,633310674.946208,713090398.191265,628988580.273509,561656036.830885,30000,False
chipseq_200.dot,4605965334,53078.1372916666,2313552.61474857,53078.1372916666,2309921.65194453,53078.1372916666,53078.1372916666,53078.1372916666,53078.1372916666,53078.7813468865,53078.1372916666,200,False
methylseq_15000.dot,6273818718,308860463.680294,309823692.290778,308860463.680294,309823692.290778,308860467.444611,376370915.677238,308860463.681543,309823831.708548,308860370.767173,378131972.450428,15000,False
methylseq_2000.dot,11897958606,133357405.84729,133557999.711707,133357405.84729,133557996.212758,133357405.84729,187059753.559665,133357405.84729,133558027.752843,133357405.84729,162750853.326629,2000,False
atacseq_200.dot,3908761308,518545.916979286,441684.062592299,97875.7333948972,727203.970581508,92443.8949973952,69881.1736343301,96778.6620733871,62986.735567165,88124.1420877628,69881.17363433,200,False
eager_8000.dot,8330435694,162350592.080405,232817697.573519,164506556.266539,181742249.343656,155839086.090469,142593396.479483,160897538.813319,166193631.429454,154419398.000252,142733025.702871,8000,False
atacseq_200.dot,2223941232,372443.526656048,611521.720622927,273788.298550411,567547.839387739,112626.281074427,69435.5455674684,80180.9882716351,59933.3066891561,84473.3786691786,69684.8968174684,200,False
chipseq_2000.dot,4807293396,58294809.4360875,82208365.0902544,58398770.72739,74825076.4210308,57336083.5177149,44328646.2025137,58133809.3172795,45287590.0137349,56859171.1773081,38618461.6448943,2000,False
eager_20000.dot,19100037384,453741072.828834,804301902.621715,451477980.674996,698361010.493642,436956788.431514,237941718.845145,449179562.065189,216512118.792426,438631501.792637,258581474.302918,20000,False
eager_10000.dot,19075314980,225106029.099919,397838241.895314,223075075.965163,346751133.274504,216849493.139749,117509032.220208,220346136.805035,106983802.761906,220816321.749878,127452623.883117,10000,False
methylseq_25000.dot,6273818718,517135959.803555,520170885.043523,517135959.803555,520170885.054256,517135963.56788,629698784.72033,517135959.803555,520171149.399832,517135870.40018,635064919.538926,25000,False
eager_10000.dot,8330435694,205438676.276217,295551655.589302,204201617.057131,228756955.469717,192241684.454078,176240483.085714,204240485.382869,214702681.283994,195339508.453917,173213562.543065,10000,False
methylseq_200.dot,8885797810,5454115.85145463,5454117.09502474,5454115.85145463,5454117.0952334,5454138.99109767,5452593.84360973,5454116.1819693,5454119.06346997,5454127.14030497,3651324.45765695,200,False
chipseq,32978181418,8637304.8344252,8583227.15022185,8637304.8344252,8561191.52803436,8600072.12849504,8512450.16992881,8637304.8344252,8561191.52803436,8600072.12849504,8535221.64598222,100,False
methylseq_2000.dot,6761426956,72743065.1017328,72858601.0280053,72743065.1017328,72858601.7113354,72743075.9781461,90796029.7654503,72743065.1017328,72858655.7692402,72743077.6278772,89405937.8697733,2000,False
atacseq_20000.dot,3908761308,344323979.854743,431057780.017627,344471261.878735,460882530.261582,336118375.482513,256874544.194713,337665324.673957,287782783.939202,359165375.627107,260819930.429315,20000,False
atacseq_1000.dot,11187378708,22414214.4221742,27837124.5450242,22151601.7774652,26598872.0053421,22359007.2839766,5818413.13346415,21667993.7461394,6624211.91794189,21797269.8654144,6199037.82897026,1000,False
eager,19100037384,2188822.32029008,2120173.45345719,1761871.0695101,1711644.01270924,1697953.04483558,1602634.86102724,918812.328427903,1814991.9955436,942089.748637337,1814991.9955436,100,False
chipseq_10000.dot,32978181418,2037039764.40339,2299042348.26409,2037782922.21734,2269675285.72372,2032266721.08793,1178658590.59585,2036396436.41566,2116839778.48619,2033044409.29008,1177775490.14412,10000,False
methylseq_2000.dot,110641579976,517243322.306319,517845154.166004,517243322.306319,517845154.166004,517243322.306319,545833406.415766,517243322.306319,517845154.166004,517243322.306319,544175426.230826,2000,False
chipseq_8000.dot,3793245764,203170104.257937,262951535.774573,207285594.705009,246060797.796068,202071522.633712,141021699.419629,205902023.634635,182215442.285068,208373069.8218,145624514.112559,8000,False
eager_25000.dot,19132169434,578677696.336269,1009518508.98134,563250596.369811,874735977.070344,547762676.561978,292320776.97409,570790254.368458,270848155.292732,559622949.403209,306033478.375278,25000,False
eager_4000.dot,19132169434,90869849.7868134,151075837.87385,89095847.8042951,132633706.016698,88795533.9208032,44586699.9770676,88488028.0080705,42886800.698872,87879262.985219,49648530.9144144,4000,False
chipseq_1000.dot,4807293396,23393362.1084535,34498564.8546178,24987732.87047,34384207.5780006,23296003.4635714,19619944.102484,22659575.90752,21576168.9843667,22886422.7298441,17528213.6438636,1000,False
eager_15000.dot,19075314980,345268637.337999,609667131.938653,335841979.687504,524015974.703665,325371631.448127,175337741.726777,331828800.032178,162304609.524874,329482953.823196,193812749.985336,15000,False
methylseq_200.dot,6761426956,4144868.18514626,4144867.1858325,4144868.18514626,4144867.1858325,4144892.34857376,4143797.32828329,4144868.18514626,4144867.1858325,4144880.71129072,2775105.32501583,200,False
methylseq,17027257018,21799.6016884726,21781.1225,21799.6016884726,21781.1225,21799.6016884726,21791.8675,21799.6016884726,21781.1225,21799.6016884726,21794.2447647512,100,False
eager_1000.dot,8330435694,16051040.8007297,15520554.7187692,15810104.7555531,14943328.1905929,16990335.2694481,15325303.14065,16170224.0038154,11479720.7230424,16414695.1580786,11402441.9049014,1000,False
chipseq_4000.dot,3793245764,101684500.245033,124922674.691312,100915138.025509,116468551.805626,101549012.140088,68034480.0262482,102102856.735824,85222409.6908558,101798114.655505,87991796.8626947,4000,False
methylseq_200.dot,11897958606,12146929.974137,12154627.3236169,12146929.974137,12154627.3236169,12146929.974137,14576121.5203816,12146929.974137,12154627.3236169,12146929.974137,12144333.0961745,200,False
atacseq_1000.dot,3908761308,9351822.27726099,15319319.5525558,9310402.44225902,13112852.7029772,9460252.30485545,8961769.95192856,9153335.19530592,7058320.04420374,9926144.82157909,7047844.52121751,1000,False
chipseq_1000.dot,3793245764,22142779.5740201,27147752.107048,21080327.2370433,23155460.9478758,21702619.1015021,12803283.446992,22587266.5820842,17105358.1618538,21429211.9505253,12802049.3459832,1000,False
atacseq_2000.dot,11809629756,56001133.5251963,65583976.8258452,56931111.9815714,64520235.6594246,55153161.1493045,14142604.1364397,56118055.7006573,19197666.1869953,55494446.2551793,13793692.3367053,2000,False
eager_4000.dot,8330435694,73776790.9503065,110644833.262278,75419779.2700046,85968979.124777,72786546.2163381,68467352.0085335,73301582.1407911,72432901.7874907,74851460.6212369,64075339.6388516,4000,False
methylseq_200.dot,22500260922,3727490.45564182,3202198.07766383,3727490.45564182,3202198.07766383,3727490.45564182,3683553.03124178,3727490.45564182,3202198.07766383,3727490.45564182,4315564.95766125,200,False
eager_4000.dot,14754556884,65625948.0684158,124898273.863093,64454887.5833994,105246385.385381,64327487.1546871,27597465.1454437,64528193.655071,28891845.2230104,64941995.3684482,29516038.029017,4000,False
methylseq,6761426956,10835.5515944213,10821.11475,10835.5515944213,10821.11475,10835.5515944213,10826.236,10835.5515944213,10821.11475,10835.5515944213,10832.9983257903,100,False
eager_200.dot,19100037384,2909223.51162042,2120216.41939763,2267113.39003741,1711686.97030008,3240719.32028863,2338376.64509303,968654.027798158,1837286.2503398,1005986.38791945,1940217.43863984,200,False
methylseq_20000.dot,8885797810,998455237.907433,1000114480.44216,998455237.907433,1000114482.17155,998455247.560726,1234323798.78817,998455238.237948,1000115004.68174,998455249.196563,1248834200.27357,20000,False
atacseq_25000.dot,2223941232,302862869.305674,320194303.605908,294562691.857652,344911977.863885,269067783.304276,124369817.708711,279666699.020171,181596478.451078,296048761.975856,152707476.341132,25000,False
eager_20000.dot,25705994498,700676215.970306,1035385436.50397,722607192.65868,955843226.270323,677234316.235424,148440220.564009,690113978.874065,182950945.155959,683570468.321363,184173015.108703,20000,False
eager_25000.dot,19075314980,570965563.327754,1020644697.95102,569674395.403837,874464540.265381,546300060.792441,290752049.349656,560571581.161608,269208785.799043,559721914.698044,322768014.912845,25000,False
chipseq_15000.dot,5058052541,514897530.176612,722332294.991053,514980049.367363,715735770.800841,516613013.378363,404059372.691887,514714464.030563,471772293.844573,535470676.274543,387105817.049551,15000,False
chipseq_1000.dot,5058052541,28714043.3098129,40999871.8465696,26256889.3920543,37261704.8603192,27433031.3054319,21300673.9660928,29740790.1541469,24304976.6555363,28607934.1496986,25538255.1374345,1000,False
atacseq_15000.dot,11809629756,491133386.185736,524295080.56442,480695272.675755,516622771.981295,483844745.327191,107982810.119629,486596000.885418,162568846.990874,497448180.201711,122731948.952655,15000,False
methylseq_2000.dot,8885797810,95726945.1292717,95877789.0441116,95726945.1292717,95877789.5742237,95726954.7825646,119480161.387469,95726945.4597864,95877839.5954882,95726956.4181221,117650966.185089,2000,False
chipseq,41366257414,10434361.3961236,7473607.82256491,10627212.972991,7482132.90256491,10013730.0218739,7442496.61851313,10338475.3458174,7482130.57186356,10013730.0218739,7443335.27857494,100,False
methylseq_15000.dot,8885797810,747500529.564683,748757408.681639,747500529.564683,748757498.209239,747500529.564683,984765108.033929,747500529.564683,748757922.800373,747500529.564683,933939359.555896,15000,False
methylseq_30000.dot,17027257018,2885761496.91501,2888895645.40784,2885761496.91501,2888895645.64617,2885761496.91501,3932154437.69327,2885761496.91501,2888895805.97644,2885761496.91501,4332036424.31644,30000,False
eager_2000.dot,19075314980,46095894.7026498,73147960.7481913,46138699.8073065,63767851.2490885,45693415.665002,23502193.1698193,44549606.9943025,21661719.5728707,45774064.5011095,22753583.8796885,2000,False
eager_2000.dot,19132169434,45698836.3453823,72918673.0052557,44513095.368218,64034813.2686956,45180657.6932452,21065060.129102,45165035.5048469,21650255.7452693,45262775.3895825,23269555.0211447,2000,False
chipseq_20000.dot,4605965334,597412385.818772,778203269.11331,592099062.90402,711899366.15672,635706452.728279,440669871.458845,594486572.295301,576412602.010499,633020777.088326,495697167.360276,20000,False
atacseq_200.dot,11187378708,144189.539030559,131563.946078605,145447.717938357,132940.947491347,220549.957164224,175934.740973398,148391.590349433,132774.950092061,148671.056983108,135652.068092061,200,False
chipseq_15000.dot,3793245764,379266265.452451,497953861.338856,386393546.786918,466709885.722069,377315232.358833,268985658.08546,382928366.515748,350264814.39048,387584272.422391,327802668.680799,15000,False
atacseq_8000.dot,14091675276,450884102.232876,436044460.910291,450789832.191364,551045472.277613,450734679.570645,94516832.3671032,450683288.213262,196126238.778979,450228263.118657,107016065.938723,8000,False
eager_10000.dot,19132169434,223179281.297886,399281990.057618,225954324.279104,346825921.609653,216799754.32729,117484295.948553,223225418.780214,107594958.111456,218025628.186007,128549567.533369,10000,False
methylseq_8000.dot,11897958606,535777402.316164,536618332.97951,535777402.316164,536618332.97951,535777402.316032,672809387.808233,535777402.316164,536618400.228312,535777402.316164,667963845.457224,8000,False
eager_15000.dot,25705994498,531294533.449808,772624362.64103,529603068.727536,719320609.705471,518369790.111315,115456788.079871,511875358.490325,137248464.140945,513752846.38493,137779181.196133,15000,False
eager_1000.dot,19075314980,24632173.0354141,27743841.6623442,22550914.5234924,24286166.1489043,21877019.7872121,11525059.4406314,22796258.894857,9708115.00178369,21421156.4091754,9889096.70500424,1000,False
eager_30000.dot,25705994498,1050216375.48882,1560259018.51342,1048919469.09999,1435650485.23871,1004767206.09693,225470928.80395,1038412868.58603,274576680.227223,1031394315.91369,275440893.356658,30000,False
eager_10000.dot,25705994498,355758759.745873,516646113.765282,359622128.750163,478728535.521363,342610008.156109,76702758.1762193,344348015.892864,92564550.5956176,336319301.150687,91911703.0386145,10000,False
chipseq_20000.dot,3793245764,509657152.912604,666956415.36449,509578087.47005,623518114.749587,508703224.857196,359104537.691775,510342227.128953,470463041.797137,518997726.001014,375366789.578518,20000,False
atacseq,11187378708,147813.86048935,130976.742799788,151111.229185514,131864.425879197,141256.548356855,134771.720806125,149458.448587974,132187.746813244,145046.214172577,135064.864813244,100,False
chipseq,5058052541,25824.0253947096,25449.829,25824.0253947096,25180.421125,25824.0253947096,25449.829,25824.0253947096,25449.829,25824.0253947096,25449.829,100,False
chipseq_30000.dot,41366257414,4936039288.92996,5756597512.30105,4940581348.94662,5753264881.32105,4908460192.9667,2409628944.32684,4950210230.53022,2889244941.5223,4934136876.60917,2447603860.67543,30000,False
eager_8000.dot,14754556884,135477546.436777,260377910.509667,133727666.318224,216950685.264069,126596975.744141,59832518.0635308,132156057.228642,61400967.9051625,130623997.216832,62278827.6513674,8000,False
chipseq_30000.dot,32978181418,6135648573.22272,7128326987.42119,6146177788.833,7037127663.39895,6137946962.34274,3543972004.59044,6137903917.04397,6484752585.50905,6136465589.76398,3543151005.18863,30000,False
methylseq_25000.dot,110641579976,6329908844.8415,6349940268.19369,6329908844.8415,6349940268.19369,6329908844.8415,6594997480.45688,6329908844.8415,6349940457.6056,6329908844.8415,6847340985.22029,25000,False
eager_10000.dot,14754556884,170995369.636551,320689742.419885,171788572.055902,272454380.466023,161187807.438636,74475697.9110445,168781347.38928,81134147.1890572,162033339.87818,75472891.6470287,10000,False
eager_30000.dot,14754556884,516557589.193494,952717824.183665,497065044.660637,840689351.244678,492866314.498376,226267419.603585,512156348.344478,247777136.352086,515311368.802602,244861125.255031,30000,False
methylseq_8000.dot,6761426956,300489811.891319,300998602.455653,300489811.891319,300998605.065182,300489811.891319,360322226.031261,300489811.891319,300998879.960577,300489811.891319,375503838.855314,8000,False
atacseq_10000.dot,11809629756,303496223.275399,348253987.214365,303581391.890001,333807446.399434,305250012.029032,72259635.629332,305345942.47505,108329975.739212,313179391.239834,80503643.6331652,10000,False
eager_20000.dot,19132169434,455197639.297299,805090378.938127,450624303.347864,698532861.911416,436282581.777661,240450019.514126,455622710.677537,216722545.896899,446945217.403391,243262323.0344,20000,False
eager_200.dot,19075314980,2899056.3931508,2137704.59346693,3265365.60746949,1699928.00144868,3233508.81443184,2644852.27181162,962496.100188827,1831234.93653525,999862.925948982,1934053.7269705,200,False
eager_20000.dot,14754556884,347217313.472302,648799487.839488,337459272.215015,557191377.536485,323915532.028731,151650399.088318,332075411.874069,165205689.826743,331836421.108315,162493132.185357,20000,False
chipseq,4807293396,21170.3715997822,20791.0451041667,21170.3715997822,20791.0451041667,21170.3715997822,20791.0451041667,21170.3715997822,20791.0451041667,21170.3715997822,20791.0451041667,100,False
eager_15000.dot,8330435694,314826448.118255,440790668.825519,318434779.013834,342859194.92502,303825805.921486,266291401.436409,308306417.587536,343216987.239132,309112147.687503,261817576.255032,15000,False
methylseq_10000.dot,6761426956,377319061.969831,377947668.629957,377319061.969831,377947582.257618,377319064.530456,441428713.151899,377319061.969831,377947908.561776,377319074.497913,565594644.858578,10000,False
methylseq_1000.dot,22500260922,20023223.3258739,19321763.5354108,20023223.3258739,19321763.5354108,20023198.5554102,23181155.5891342,20023221.4141448,19321768.17989,20023208.0178591,24473548.3663375,1000,False
methylseq_8000.dot,22500260922,174989365.265335,176871055.311257,174989365.265335,176871086.286418,174989387.928908,212387170.289004,174989365.265335,176871092.681804,174989380.248803,212941342.772944,8000,False
methylseq_25000.dot,8885797810,1249417460.34944,1251510412.92161,1249417460.34944,1251510554.12679,1249417460.34944,1583749729.79459,1249417460.34944,1251512063.66805,1249417460.34916,1561987124.67393,25000,False
atacseq_1000.dot,2223941232,1368298.94463659,8818102.84274115,1305248.89005015,7158168.12817769,952461.610557515,1532969.51583346,859372.438232011,316545.089082348,1126520.50594707,378429.280842417,1000,False
atacseq_4000.dot,3908761308,65164718.6091058,81734543.7282199,65583265.9088789,84579916.7410274,65162484.5293833,47382589.9853667,65284007.3680867,50480474.8261796,65994617.7591949,45793140.7220296,4000,False
chipseq_10000.dot,3793245764,260038504.637542,329127203.549838,252371538.242402,309277262.091952,253468127.494965,177236808.823046,256529533.333076,230218957.352128,260102934.869038,184931031.660402,10000,False
eager_1000.dot,19132169434,22250802.3666773,28205991.2193577,22131260.5993841,24740689.8630106,21887928.8810162,10429849.9991978,21819856.3378931,9767937.34881522,21895976.2573065,9434531.0901228,1000,False
methylseq_20000.dot,17027257018,1924733119.35571,1927088656.64707,1924733119.35571,1927087775.74527,1924733147.69302,2782545300.43381,1924733119.35571,1927087887.71453,1924733135.77666,2886868523.2489,20000,False
eager_8000.dot,25705994498,285539031.884759,408773504.82505,281973355.70712,382205826.776311,275919318.795687,65222311.7513909,277807211.132498,73774837.3869226,273836306.785096,74320897.9124448,8000,False
methylseq_2000.dot,17027257018,190767212.459831,190989094.604646,190767212.459831,190989019.861278,190767240.797142,267493895.414482,190767212.459831,190989032.1226,190767228.880671,281391523.110893,2000,False
methylseq_4000.dot,6761426956,148204661.134942,148449952.310893,148204661.134942,148449952.310893,148204661.134942,200872564.865997,148204661.134942,148449952.310893,148204661.134942,185682697.72484,4000,False
chipseq_8000.dot,4807293396,259498340.669837,316979071.193438,258610180.196741,325907666.832547,257415462.284953,186030602.934763,259056565.067921,207112008.352695,261416813.882398,169862198.544595,8000,False
methylseq_20000.dot,6273818718,412998202.529064,414356923.075532,412998202.529064,414356922.150997,412998217.261185,504314617.113319,412998202.528966,414357180.710311,412998109.614322,580737781.742797,20000,False
eager_4000.dot,19100037384,89562167.0567837,156189999.104856,89837394.2082406,133914720.523499,87354578.4662875,44248230.3811879,88438426.2673487,43144256.1541766,87909492.3898919,49101459.4362055,4000,False
methylseq_20000.dot,22500260922,444271164.64082,447985016.470542,444271164.64082,447985018.129676,444271164.64082,536745719.091827,444271164.64082,447985016.428239,444271164.64082,535527369.896112,20000,False
eager_2000.dot,14754556884,34300665.6906834,52176786.9440526,34045762.4822125,44930617.7753388,33621554.569889,12820484.5923369,33497333.6981453,14069439.0977173,33339881.2318562,13292469.867394,2000,False
atacseq_20000.dot,11187378708,654781530.590926,676347909.873815,638781849.667251,667103857.634075,634831856.739926,134426838.208565,635504512.95956,206671901.860237,654294165.25414,153438671.883639,20000,False
methylseq_4000.dot,22500260922,86654268.3866938,87114402.3208171,86654268.3866938,87114402.3205394,86654268.3868052,104803365.855229,86654268.3866938,87114402.3059643,86654279.9918617,102353488.272289,4000,False
atacseq_15000.dot,2223941232,186264392.844881,191401202.52317,164659992.650449,201832974.230698,157332987.441704,75384668.6599618,164257958.126136,105070640.494115,182141667.245437,89062382.700666,15000,False
atacseq_8000.dot,2223941232,89730940.1665442,100967388.297882,84285951.4500065,105925586.81705,82568327.3044607,38856115.6675576,84920216.5407947,54771913.4209322,93238940.8237513,42268259.6165129,8000,False
chipseq_200.dot,41366257414,28202466.8844174,35666755.4209066,28205308.5777507,35675674.5377812,28829667.9519509,19750229.4209972,28205308.5777507,24462853.1863912,21029883.3019243,18672319.5373716,200,False
eager_200.dot,19132169434,2920993.24681918,2517079.42607894,2280540.2310699,1728013.71878584,3249653.22083571,3203422.00598565,976131.024213761,1844996.56960514,1014327.09707498,1948181.7528002,200,False
chipseq_25000.dot,4807293396,801245127.588058,1017301345.8985,801955636.183722,1071687780.69485,804303436.213197,592614596.889068,796696642.171968,689061093.00214,816035567.228442,541099161.842252,25000,False
atacseq_4000.dot,2223941232,38576060.3909958,48762052.5755965,38093630.6454784,48148198.3307834,38239725.048826,18033058.4054574,38109826.2485854,21450704.624644,37800161.6594943,18435171.4481625,4000,False
chipseq_10000.dot,41366257414,1637108273.17075,1848675109.99022,1636276037.90209,1846880589.99999,1637479272.63998,801393314.857267,1637756111.63887,1073625207.33138,1628460481.71818,813676724.043496,10000,False
chipseq_4000.dot,4605965334,121872367.401016,151557066.33322,120133562.845453,136503062.534048,117916446.511101,86444346.6723815,122508355.482171,110172554.239319,118003947.066084,112778529.102457,4000,False
atacseq_10000.dot,2223941232,121261124.53094,127003874.36691,107994297.627962,132948645.231001,100605601.341692,51153417.3792446,107618049.407685,69677712.0878538,112860531.228753,56020208.3610614,10000,False
chipseq_25000.dot,3793245764,641274476.275809,834351971.816473,641443524.332395,781152140.410956,649133897.87613,470287446.786052,659621730.83959,589732825.253367,646593630.120341,494448093.35989,25000,False
methylseq_25000.dot,17027257018,2406776311.4755,2409728148.73099,2406776311.4755,2409728148.73099,2406776311.4755,3616398046.27776,2406776311.4755,2409728286.74049,2406776311.4755,3606019437.99832,25000,False
eager_30000.dot,19132169434,692591985.359065,1241965727.61537,676103445.748665,1052290226.42836,656781021.473289,351787264.967455,675679488.716749,325094376.456899,672815013.183994,391549991.976362,30000,False
eager_2000.dot,8330435694,34062258.4468323,48807258.7064397,34290747.0602548,39577023.9556448,33757922.3957909,31416616.9857547,34226274.5801988,33771762.1888923,34129806.9552031,28804659.3182718,2000,False
chipseq_30000.dot,5058052541,1039564169.29702,1461918540.17645,1037185328.21335,1442868678.71977,1039611451.57088,842816717.152187,1037541850.78643,964106265.948767,1095001679.79159,770460326.916904,30000,False
methylseq_4000.dot,11897958606,266689874.390685,267106502.176789,266689874.390685,267106502.176789,266689874.390685,378972464.798403,266689874.390685,267106630.813057,266689874.390685,332779173.201571,4000,False
chipseq_4000.dot,4807293396,124535814.633067,159979481.541727,125791014.011202,157345158.259123,125017052.509147,91498685.9977231,124703763.191729,95394224.9513173,124846707.27535,83045953.9618162,4000,False
eager_200.dot,14754556884,1718135.35298095,536361.688317696,290714.243465598,233969.789142139,530994.108465719,932428.993428587,274452.43398996,974408.8720135,296633.378961192,294312.824000557,200,False
chipseq,4605965334,26921.7134022807,26539.0686458333,26921.7134022807,26539.0686458333,26921.7134022807,26539.0686458333,26921.7134022807,26539.0686458333,26921.7134022807,26539.0686458333,100,False
methylseq_15000.dot,22500260922,332074750.773408,334732341.955337,332074750.773408,334732341.976289,332074750.773408,401593033.27202,332074750.773408,334732341.923311,332074750.773408,400887166.885811,15000,False
chipseq_20000.dot,32978181418,4087455256.78257,4667937865.90255,4086201943.0352,4607918214.94668,4087789050.2381,2362999784.68928,4084305641.9088,4304123674.2156,4087616102.19186,2360170780.24228,20000,False
methylseq_2000.dot,6273818718,38217754.9867287,38268176.2609473,38217754.9867287,38268176.0077369,38217757.042,44122787.634979,38217754.9867287,38268200.0433864,38217766.4863492,44112534.9011155,2000,False
atacseq,2223941232,37532.3073074335,19154.6624385758,41794.9439290427,21309.2365635758,30877.3688245026,22981.0314324834,39843.6246522862,23228.2989391561,37924.4016585233,23228.2989391561,100,False
methylseq_1000.dot,17027257018,93665127.0461629,93767508.7677016,93665127.0461629,93767508.2344182,93665132.4186629,135497058.970969,93665127.0461629,93767526.9515935,93665143.4669026,132029305.551919,1000,False
eager_25000.dot,19100037384,576818018.298974,1007110605.08991,559246636.582237,874956835.720128,548211597.883469,291591753.382421,558908542.567003,269888320.43632,557584556.579187,323517824.767398,25000,False
chipseq_8000.dot,4605965334,245022649.973743,310348172.002563,244901396.098254,281437675.680808,238986690.615075,172216483.686569,243921510.411913,227246068.134525,247489374.219247,189802373.982929,8000,False
atacseq_2000.dot,2223941232,15884107.440311,21233592.4906474,15994482.3810214,19513904.5788073,15576482.6436699,7701015.83501342,14453806.460279,5593996.5136888,13897068.1064704,7560417.0809803,2000,False
methylseq_200.dot,6273818718,29577.7256059139,29578.328375,29577.7256059139,29579.5977378582,29599.5453457116,46986.5632444735,29577.7254494646,29580.9601687816,29589.656548988,47148.025642263,200,False
atacseq_8000.dot,11187378708,251221370.017975,265909177.614326,251975169.968722,257075027.218454,247251816.532035,53412292.3945151,252928881.260219,80185923.7698025,257397229.910957,60432748.1834224,8000,False
methylseq,8885797810,14055.5640314055,14042.3765,14055.5640314055,14042.3765,14055.5640314055,14046.87375,14055.5640314055,14042.3765,14055.5640314055,14053.3193897565,100,False
methylseq_10000.dot,22500260922,220900492.068737,221942603.000725,220900492.068737,221942603.000725,220900492.068737,268645890.845256,220900492.068737,221942771.445062,220900492.068737,251710462.125334,10000,False
methylseq_1000.dot,6761426956,34328077.3868989,34378921.1904857,34328077.3868989,34378911.9705148,34328079.9475239,42657765.0470996,34328077.3868989,34378937.7649316,34328089.9149807,49565242.2701416,1000,False
chipseq_2000.dot,3793245764,49955387.2098726,58678212.5295068,49390712.8193731,55511111.8057125,48500448.312371,31492668.6556382,50042867.9455339,39927741.751615,49104931.6084265,32210937.5877306,2000,False
methylseq_25000.dot,22500260922,555405784.010894,560400732.843496,555405784.010894,560400732.843496,555405784.010894,679113442.53121,555405784.010894,560401168.405418,555405784.010968,644010323.106095,25000,False
chipseq_30000.dot,3793245764,776419615.477925,1003667528.86424,770546098.996767,938857571.133876,771595620.838894,551706121.316047,791078186.05522,708830444.141127,784507481.589205,577911087.169436,30000,False
methylseq_1000.dot,8885797810,45174164.8828156,45240543.8699771,45174162.9868339,45240535.9931628,45174183.8733372,56133978.8270669,45174163.6967934,45240557.2615535,45174174.2709944,65223140.5457943,1000,False
eager,19132169434,2253127.88518102,2137562.08814531,1777867.47251846,1727969.16631106,1713420.84347352,1618364.71826836,926520.00074573,1890241.20756155,949908.581556544,1867942.00012787,100,False
methylseq_10000.dot,17027257018,960648080.494101,961817308.210546,960648080.494101,961817102.814561,960648103.458987,1267852356.59654,960648080.494101,961817141.824737,960648096.914841,1434767805.6209,10000,False
eager_200.dot,8330435694,1289957.70812196,117246.249097951,418426.11981909,58626.197190732,394140.878794584,113610.04471534,114502.591161868,104090.338274594,132918.689969449,93747.2595911135,200,False
atacseq,11809629756,223627.168096428,205906.987308169,226764.301218169,207955.702360458,217871.56513442,209858.875266092,224917.47469391,207630.888911925,221165.195809574,210117.367245258,100,False
chipseq_10000.dot,4807293396,323714491.895898,400801872.752749,322430061.391606,417114639.216775,324424092.847211,235368545.655647,322382857.831585,265449468.975598,330268084.353519,213477594.498534,10000,False
atacseq_30000.dot,14091675276,1681402732.26433,2061088842.66151,1730375243.46804,2631470104.231,1870749089.73251,440736842.958881,1685053859.184,928184163.497566,1773640079.98423,501307987.481169,30000,True
chipseq_15000.dot,41366257414,2775855882.07116,3399023378.88593,2758551266.25343,3375128775.6081,2610832431.80235,1469686457.84018,2703693440.78509,1771294063.29752,2634607010.80954,1479827840.79348,15000,True
methylseq_15000.dot,6761426956,579100217.072242,631561782.40811,570499275.195955,637189888.839961,595297757.352108,877346487.096722,569652198.682864,632846779.323987,593712267.611479,809055901.022072,15000,True
atacseq_15000.dot,3908761308,308051586.241254,386736993.123945,294084230.676213,400776343.695642,301303704.210318,213034972.791057,317573380.618187,254599837.60391,305835427.366931,215675394.148848,15000,True
eager,19075314980,2083931.15733441,2802240.63753201,2076003.49809135,2108016.02819782,1529267.47735718,1733776.13347719,1699039.29140934,2576082.73379392,1794050.80864175,2723577.06983715,100,True
eager_1000.dot,25705994498,36688523.4396902,51262718.1258664,38236820.5393874,53341285.2192841,36160057.8562058,13502211.9000533,38025516.5640143,8672141.19585027,34580575.2124338,12027834.5486832,1000,True
methylseq_1000.dot,110641579976,277588290.701056,319339219.265541,301192714.536203,334965291.816872,261700417.506354,335036525.194765,269842952.198845,347260485.954788,253900531.157318,335662984.794594,1000,True
chipseq_200.dot,5058052541,3186105.59151269,2557631.79538604,4069394.26348936,4850780.59786075,3005661.9943594,2762336.09994989,1215962.88020079,3364461.31784785,3960999.46429585,2763548.97550473,200,True
atacseq_30000.dot,11809629756,1159451926.87153,1309978309.24286,1045265152.45679,1280172346.84271,1124974147.333,268192395.129927,1163416723.37758,411947487.060676,1037600173.05983,305011568.718163,30000,True
methylseq_1000.dot,6273818718,18720123.6082128,22135746.5466808,25062973.3821831,22399629.3251613,20216407.578832,25806292.5368315,19081606.6450544,22498909.6927215,20465735.9585389,23712117.1473505,1000,True
chipseq_4000.dot,41366257414,718498624.854252,853177356.82113,698793738.03615,855058603.247131,748812604.402867,407753896.650019,704669574.70072,580985297.964706,768083218.356599,431469390.592181,4000,True
atacseq_2000.dot,14091675276,126644190.238372,133813152.205187,123130270.008853,174013498.933241,120352673.045644,30080202.1383016,116835022.147408,58180849.2929834,128406282.242581,30490506.5096979,2000,True
atacseq_1000.dot,11809629756,24975973.8244531,37049523.5995474,24993436.2035077,37229609.0127638,24570707.756968,9150559.056849,25444159.0887288,10263745.4170527,27458222.3802174,9777818.36139299,1000,True
methylseq_200.dot,17027257018,22039962.6938387,21318565.334518,16704393.3924765,18160932.5442318,21622156.6248672,23752141.535677,22286500.0581497,29050625.4556332,20157729.5137257,26957968.3316969,200,True
methylseq_30000.dot,110641579976,7869828761.30834,9233100153.69107,7731241397.12839,9166721766.65049,7755415731.65179,9648521293.06022,7750278594.32676,9245477931.48194,7728758093.27884,9955017682.16253,30000,True
methylseq_8000.dot,110641579976,2206525312.66484,2543150949.32379,2104450242.95517,2486817446.52365,2111547016.1326,2652672444.19421,2126340614.11476,2492844077.64041,2135268970.1341,2730817091.26234,8000,True
methylseq_20000.dot,6761426956,762796154.777673,846506507.591579,786867272.942978,855822832.959702,782143567.487203,1109111217.20079,805400973.192389,843702776.22144,789112076.405475,1070799348.64385,20000,True
atacseq_8000.dot,3908761308,161004466.975425,200492661.998071,160559283.230248,204922691.231655,162103803.885471,114241787.800249,163267770.349822,122186517.083096,178522549.206913,114721200.100784,8000,True
methylseq_8000.dot,17027257018,818201386.358094,939671992.483586,814353709.896058,950232975.813957,826855053.695452,1215065101.41946,798015422.53462,943307992.907211,782397059.536345,1396241002.15709,8000,True
atacseq_10000.dot,14091675276,582793464.552541,686441158.978879,612344619.920335,854235462.11884,577393280.599473,141528531.49448,582515018.349901,299141455.556374,601561927.55291,167464366.227022,10000,True
atacseq_20000.dot,11809629756,723463149.633038,868448421.457402,730154175.885597,853228733.219671,699231609.110226,182396871.048116,737079679.185032,270813747.825989,723789567.879771,203078233.468081,20000,True
atacseq_30000.dot,3908761308,563391909.708005,793124246.00725,585669682.019195,847127762.647412,576420322.812205,438637501.353897,596650533.554613,539822708.111269,570371016.0245,434907082.888215,30000,True
eager_2000.dot,25705994498,66255026.6504473,120579077.33712,72673231.9997321,113052477.593342,71730883.7514276,21623857.2044244,69702192.0379888,20116350.3337239,73439399.0587248,26305358.7212906,2000,True
eager_1000.dot,14754556884,19879301.354111,24213780.133583,17314135.3893235,22359151.572543,19319372.3287007,7429906.37429679,18726854.289287,6728039.71825017,16055164.6807814,7381736.31039818,1000,True
atacseq_30000.dot,11187378708,1033784634.63834,1266458161.78667,1011938374.16295,1211840700.02384,1050221868.35531,237873327.219823,1108910565.16449,383273554.625239,995184956.775824,274318821.063448,30000,True
methylseq_10000.dot,8885797810,520594594.197562,551925083.988529,495573036.224643,559112904.983655,519116186.535785,684302135.290937,519723363.083085,564150665.931245,511678469.531692,841301247.483804,10000,True
atacseq_4000.dot,11809629756,142016946.484388,171491620.939111,152641296.180654,163494449.587433,146826511.148425,36144371.726395,151236283.746371,51213631.5136543,142409486.430266,37246398.9820018,4000,True
atacseq_1000.dot,14091675276,61863638.6453416,63514944.1302459,60599599.1988899,80469686.2403497,52999246.7569455,13438966.8634931,57491786.1040214,25213408.8370147,58378650.1773316,14751307.8459796,1000,True
methylseq_4000.dot,6273818718,86734293.6695229,101469533.462782,86596895.6377221,103998330.60435,85891423.2372309,121742666.718147,86323129.3218067,104602327.962528,89127206.5845589,132453963.821745,4000,True
chipseq_1000.dot,4605965334,25988307.0720984,41928755.6571566,28357295.4220041,36596224.0086507,24136653.7494915,19930600.094797,28468095.3613006,31316161.0854832,26946177.8076358,23324996.0525115,1000,True
atacseq_200.dot,11809629756,239850.323314237,246705.081739255,237420.83122766,235212.857398942,343045.631840969,343862.646063221,437508.38982965,340964.890581919,369445.059172792,374784.07881974,200,True
eager_8000.dot,19075314980,198983936.023417,364332854.368316,201592087.102794,336423620.408747,205166112.889557,113138967.875698,196583928.935395,106177715.067049,196410493.186591,125304999.04398,8000,True
methylseq_10000.dot,110641579976,2685922116.67774,3183172999.74451,2611382168.38804,3058981890.3318,2718699882.43483,3337010908.1097,2550170665.29706,3064522880.10697,2565713592.0862,3309073989.15191,10000,True
methylseq_2000.dot,22500260922,49052118.2397563,55764232.8614956,50611519.6494457,57094849.5371191,47537103.9757268,62680433.8850714,44741708.8369636,50389554.9311075,48460541.1247872,63607427.0538816,2000,True
chipseq_200.dot,32978181418,30142452.6736913,42065717.6322073,35397188.6925761,54296682.7012476,19088996.5576624,24385454.607972,26474206.5286101,41084308.7548895,25192367.6610378,22820203.3956118,200,True
chipseq_2000.dot,4605965334,69206349.6621429,85403229.3458597,63423476.0915184,81636640.1267128,65324181.9013586,46302155.7730347,59250083.7028036,61423997.6918372,66111638.981346,60224749.0763295,2000,True
methylseq_30000.dot,8885797810,1545252568.81352,1660615435.75579,1544224278.17707,1662313449.55592,1523035367.84416,2200509340.11612,1563361426.83276,1680564045.34248,1533249092.63436,2110059966.82996,30000,True
atacseq_8000.dot,11809629756,302640707.263784,343039698.480747,291904374.739063,341571378.706414,272776983.304197,71740483.7435724,298608011.671537,106309391.249686,310625293.343196,81668097.9918673,8000,True
chipseq_200.dot,4807293396,3748795.56493847,2912784.61752477,2648726.28138114,3813590.83076931,2714402.79496614,3090957.70689364,3652034.10642799,3676298.60475639,2937002.01743925,2579854.88369333,200,True
chipseq_200.dot,3793245764,65328.0167830083,908646.792940919,60987.6926672988,737460.464544183,69647.5228564616,75882.4529698614,67686.2302702489,75079.5838169377,59025.8305361328,67417.1524578088,200,True
eager_8000.dot,19132169434,205717860.538802,370187712.830986,200973153.259841,339032808.619946,211222639.67977,110101061.151943,199176212.884592,106430668.853299,189785312.105474,124474643.413388,8000,True
atacseq_10000.dot,11187378708,354075967.467348,420527570.812816,384291543.790636,398949948.926552,338685068.91974,78689342.5012722,357648430.129932,125832546.856056,356712992.674317,88792130.0895483,10000,True
chipseq_20000.dot,4807293396,724819981.446345,959754274.009707,732307980.654483,1000391195.6059,761441749.033528,522704951.894521,716171781.669455,648319392.412784,726275230.213641,467471152.396918,20000,True
chipseq_10000.dot,5058052541,379267199.710004,572177991.378435,386481208.254333,544246814.981012,388285934.475494,294949887.5333,382883401.958725,369768635.533898,407525396.887432,358942761.74362,10000,True
atacseq,3908761308,66184.1433716676,38186.2262811916,73507.4970043311,41062.4106665451,47424.2986232467,44991.188117279,104843.92371649,44434.8440911183,21182.7577204666,36792.7759109214,100,True
atacseq_4000.dot,11187378708,126577294.533584,163220796.569992,142078716.092774,161679998.473652,140043566.256894,32449803.8387284,136930395.194162,44263640.1572472,139250243.289807,33533672.7162226,4000,True
chipseq_4000.dot,32978181418,844778620.087954,1101512656.9065,869366715.759849,1026696883.8276,879725888.494351,589020762.988292,842061955.677608,993257049.396743,828644389.134701,572098168.649687,4000,True
eager_4000.dot,19075314980,97498488.728206,173100551.147287,93126051.6443211,165760438.797604,104913594.338064,57726779.7165921,103145778.014046,53684446.6985552,103728427.022029,59413586.3094337,4000,True
methylseq_4000.dot,17027257018,416210072.622924,478486813.044653,392178874.027315,458977177.752797,409416567.652132,616512881.226531,419458001.864859,474937420.508287,401064168.159673,702741195.765582,4000,True
chipseq_1000.dot,41366257414,188058997.73285,204669174.53302,183103573.784562,210328879.516064,180372974.947651,110567665.193364,171072426.763382,133761220.018354,169515568.082892,107290096.670457,1000,True
atacseq_10000.dot,3908761308,214891424.520092,242424372.757662,224695628.292963,257950943.950618,201018544.530639,139628952.957172,193720536.554587,155136949.54228,204871729.591325,141747733.309938,10000,True
eager_1000.dot,19100037384,23151908.7402027,34295572.9727863,22711664.2230606,30731039.3267708,26785929.2562061,13861549.2181054,21327914.5114332,11979685.5902947,28028433.1508105,10964178.0390427,1000,True
chipseq_25000.dot,41366257414,4474711696.48902,5708404093.7151,4416807358.61739,5694021911.57734,4643147750.84774,2485344203.61479,4552606186.18304,3271130182.23511,4480156120.57248,2465555574.99475,25000,True
atacseq,14091675276,3681362.72743992,3641881.26685691,3096252.39349453,3308454.33315689,924313.581157178,795906.943178457,3296208.83379541,3171667.08954823,1343302.79967037,755799.121374217,100,True
methylseq_15000.dot,11897958606,1048103356.17192,1225072776.01232,1032884480.31742,1245391660.29544,1022071060.66293,1843484496.25595,1038849463.37826,1229983445.30359,1038880872.93401,1522877992.0477,15000,True
atacseq_30000.dot,2223941232,381435652.734205,487564397.772234,366754064.283108,501991209.823374,359809954.576151,193095759.220148,369294992.968543,269727851.908659,379104035.292271,227626849.347308,30000,True
methylseq_1000.dot,11897958606,66458738.0312168,81732307.2176786,78575000.7026368,87249504.3130866,78602453.3327779,123622184.578122,73669599.182411,87065620.9252631,82384162.2439938,105108782.615069,1000,True
atacseq_2000.dot,3908761308,32438915.2231422,50771345.3426599,28097275.5111686,51148100.3293725,32177504.368817,25633101.9337945,28476439.2371811,26030603.1423546,30745432.2531658,23476824.0623084,2000,True
methylseq,11897958606,23177.3261519461,23157.005423803,21424.876183243,21410.173294195,19752.5014572227,24221.4435264406,22497.8635554647,26427.9601526858,18601.5734484781,21081.8525634181,100,True
chipseq_25000.dot,5058052541,950016953.07834,1468985570.38096,936718945.610978,1385332777.41626,964497492.962502,784535134.54256,926148238.047595,962134949.698007,966597160.957825,742240557.519673,25000,True
methylseq_15000.dot,110641579976,3908624198.39378,4616616229.79526,4167207627.60994,4747446481.42264,3929440961.73445,4945380791.97368,3949191984.12224,4673980370.07407,3834435879.99138,5290180460.70296,15000,True
methylseq_15000.dot,17027257018,1465396179.92301,1746032457.05505,1480063614.16174,1750495990.17561,1503353736.92022,2652687146.43501,1497149234.42623,1758182388.17435,1500971557.22123,2631399829.89892,15000,True
eager,14754556884,640868.658533197,705895.220986342,210658.086733271,260588.748325506,162720.903994763,216875.090988628,221783.225457592,256574.812839459,270720.974206309,250422.057724028,100,True
chipseq_2000.dot,32978181418,422440729.229381,544922126.525288,461466433.156136,521054297.149493,394443777.377623,279286723.695007,419033028.251013,479647852.194346,423228264.750476,280495003.277527,2000,True
eager_2000.dot,19100037384,53597296.1222477,87958271.4047635,52737131.9604559,78116253.9488838,49501381.1755311,28600244.6726504,50831418.0516489,27202788.34664,48294697.9471135,28869437.8184783,2000,True
atacseq_20000.dot,14091675276,1142596796.05467,1376083574.8234,1137394447.05703,1738999826.92571,1161648296.14153,292692165.323445,1132756282.75022,610901678.615716,1198793208.56472,326318100.958995,20000,True
atacseq_20000.dot,2223941232,253899670.860659,322856361.848,257572119.636503,332573761.742082,249471396.152728,124896299.990035,238187758.810648,175808794.417114,245771108.468835,153592112.17982,20000,True
chipseq_2000.dot,5058052541,72508212.953675,108205168.214544,71376958.2297869,100562799.40524,79844454.5245776,56014099.2274066,74384476.7982278,65469043.4264848,74730472.3631633,54932034.2806251,2000,True
methylseq_20000.dot,11897958606,1406672027.31109,1634756422.33535,1387671426.02887,1643039404.83027,1414975204.40471,2414620330.55105,1386377472.23251,1649004506.85055,1382579507.11677,2035897719.24702,20000,True
atacseq_25000.dot,14091675276,1449876654.53576,1737293751.64988,1416674595.60732,2172752208.7914,1450971178.30268,362253012.55017,1427541219.93063,768246984.236584,1521870542.01883,411563575.564601,25000,True
atacseq_4000.dot,14091675276,246852934.412815,260929609.942015,244288280.017278,338635319.994672,235164187.132693,58937643.4226997,243972964.453417,113967225.588912,239365911.028811,62339989.3318535,4000,True
eager_200.dot,25705994498,2404785.27151716,3660282.95065907,1605577.23933153,4569156.05527811,2161727.92413278,3075159.60382188,2920346.00366552,2393254.86798693,2728635.12397765,3195546.78794024,200,True
chipseq_15000.dot,4605965334,484522504.430761,710057730.733834,482499975.185741,652620114.21679,506304082.985737,365859304.387423,494479225.669815,524794818.878508,502708335.789044,410956822.985854,15000,True
atacseq_15000.dot,14091675276,842724214.073176,1029123622.43964,873491662.594553,1320934613.1579,896614200.357158,215521033.648021,859751413.630183,454232681.995158,863371976.840762,249133878.77544,15000,True
methylseq_200.dot,110641579976,55081465.0288037,69712566.9506195,61353609.3471026,72050037.5060007,74836933.623481,85308797.0167009,57115855.3489603,59596367.4370049,64405291.3729467,65046294.6762485,200,True
methylseq,6273818718,11866.4089753863,11851.6846809557,10575.6985689146,13190.6570163195,8252.77128210064,9944.92890339337,9081.28699246455,12099.0226813065,4759.45286315919,9956.58249880395,100,True
atacseq_15000.dot,11187378708,510351255.01413,627023439.306892,518537429.76332,606762681.287758,514197553.868473,121156712.933885,532978382.792901,186408693.165467,499011618.933207,134983811.354089,15000,True
eager,25705994498,3034822.47724087,3052707.27432693,2671516.80709151,3911990.62333256,1881549.30599214,3004834.87063244,1640300.91923225,2199530.07514363,1617367.85104661,2210164.0209266,100,True
methylseq_4000.dot,8885797810,202094817.0811,218714525.592248,217734157.81858,221335048.423195,205279759.60453,310539971.606822,200425909.231558,218329857.509558,212090913.358218,278061281.557264,4000,True
methylseq_20000.dot,110641579976,5289452679.19483,6203557912.80649,5400428289.81936,6246798448.16451,5229257924.84048,6448711071.86227,5276648369.70948,6205648393.85766,5202182599.45192,6623046972.3801,20000,True
chipseq_2000.dot,41366257414,368002458.597071,422918486.213842,362669266.116005,420997155.740534,353662155.887259,207735782.971668,354439045.134078,293201445.992105,365266511.139877,210202699.611528,2000,True
chipseq_15000.dot,32978181418,3137742424.34443,4213930617.16218,3130830456.60074,3929036458.39322,3177123502.90859,2176319767.50975,3165548084.07533,3857163013.31879,3186894023.30919,2140730381.88452,15000,True
chipseq_8000.dot,5058052541,303979405.318315,447481931.776831,306574569.900278,427473081.856429,321461649.935579,249651413.762372,309823750.04766,285481314.296814,316179414.507331,233742884.061035,8000,True
methylseq_8000.dot,8885797810,419535532.330281,443561664.774075,416994672.526903,449249910.560391,418733921.945336,556445524.096553,400508514.903053,439157757.551801,414372920.221872,562295784.549808,8000,True
chipseq_8000.dot,41366257414,1438529770.60577,1760327983.08876,1448691559.45127,1755562215.30662,1472624024.7385,789667882.383442,1372651470.14672,1131328113.13698,1448195368.05324,814023083.286585,8000,True
methylseq_8000.dot,6273818718,178380763.937199,205554784.566469,172624270.044017,200318450.051822,180021311.356144,249475720.646073,172486638.29986,196641804.75513,180736738.499203,240257070.621302,8000,True
eager_15000.dot,19100037384,357955091.404664,689281392.980542,369415482.489871,639910742.169982,355100567.756314,217430682.639015,360800722.68482,203548186.530451,359408857.80754,241469892.414333,15000,True
chipseq_30000.dot,4807293396,1090017124.44281,1450533680.32986,1094175995.21987,1484573070.27701,1092065005.15863,800919171.597157,1090917927.1075,978926808.466267,1114672464.16308,710357855.18312,30000,True
methylseq_30000.dot,6761426956,1158055753.34564,1266076648.02204,1183847253.18283,1265785804.60453,1179448841.37654,1678488352.71773,1177198328.86571,1264782873.21379,1179302710.86565,1609115915.84989,30000,True
chipseq_1000.dot,32978181418,209350805.270287,272527629.318383,201900069.578197,257599626.904937,194698261.348557,136668947.66318,210400092.649603,249184674.721537,216691722.312709,139935497.958196,1000,True
chipseq_30000.dot,4605965334,970026132.575287,1412060996.22319,978952320.210665,1300376111.88624,1015821219.69206,761673466.074172,1004201609.08788,1053174434.37187,988517996.631802,789244969.347822,30000,True
methylseq_10000.dot,6273818718,228980844.488209,251452339.644739,220706267.216058,254352638.998232,219983579.310921,312803045.115946,213848556.772085,249263816.034035,214193335.578781,299724724.246054,10000,True
methylseq_25000.dot,6761426956,972413272.004354,1065689291.93575,982994182.261963,1060313708.78487,975245352.143855,1420461713.71384,994601907.613632,1068542726.07971,977151266.650687,1327876511.19307,25000,True
chipseq_10000.dot,4605965334,336354979.096869,469384299.203544,328911021.695765,425523229.349449,343566441.404339,249274364.714522,330446757.384087,342599811.816901,332061588.273742,334869840.850655,10000,True
methylseq,22500260922,241735.43055369,241760.13685025,147346.728328328,147326.821991775,199885.764923316,199876.637699238,73119.0610000395,129668.688787658,192027.194342978,192028.358507853,100,True
methylseq,110641579976,20416787.5818784,20418365.999822,14896951.5384713,19120086.5634394,22690926.5508127,22690930.9373739,19839795.8825047,19896708.0753382,16902244.1406365,19083311.0691478,100,True
chipseq_20000.dot,41366257414,3663590052.52983,4557277221.32879,3501420726.13256,4489282539.05525,3548615781.37026,1947319874.38747,3528048121.68016,2840115820.34812,3644622895.10531,2016227164.14808,20000,True
chipseq_20000.dot,5058052541,762733565.014393,1179609165.54192,757533514.810173,1144511206.41323,784907510.735032,608996473.763995,775480084.718603,763255190.037542,796954852.555339,564426485.094212,20000,True
chipseq_8000.dot,32978181418,1732543226.35554,2221038789.73642,1680916232.16206,2098450969.69154,1725661766.621,1146096203.16092,1695345419.65327,2053111483.95301,1755057451.87624,1145880400.85242,8000,True
atacseq_25000.dot,11187378708,853147888.232716,1066308066.88325,861069998.429368,1007014495.69898,827690581.298343,197751378.102612,857038777.724487,320128407.651482,786536149.205564,222911174.834916,25000,True
atacseq_25000.dot,3908761308,488719018.45127,660222318.868929,548874409.721562,701369134.443161,480907163.332346,363558364.37975,497028108.005087,440408927.919608,492488355.055011,359393465.787111,25000,True
chipseq_4000.dot,5058052541,164273433.197531,218727237.954209,155447046.304237,205926900.648389,149010668.590314,116095197.377715,155711158.249293,138186914.114548,162201623.55032,111323430.815334,4000,True
eager,8330435694,84457.3606356236,102539.881171179,72436.5936062465,70059.007579211,79801.2732641125,74691.7681811615,51711.3844325097,58630.4825455186,107528.839192372,74197.7268556166,100,True
eager_15000.dot,14754556884,271977090.673557,550997506.26602,272253966.403117,499193361.788148,270742989.491507,147744609.459016,276915024.311649,142640857.144368,291681717.487764,160531928.231917,15000,True
chipseq_15000.dot,4807293396,534096147.773708,714499297.78462,539295738.975667,726130517.603835,547837785.398297,397066257.854325,546088343.918506,479941315.313285,551309077.966048,351017003.595349,15000,True
eager_4000.dot,25705994498,150319266.041199,240855517.283192,160747918.421927,236995210.660483,147909944.352169,42813609.4663827,153530814.277336,41380691.1131332,147141859.257142,43798383.6825949,4000,True
eager_8000.dot,19100037384,195555744.751127,366619848.366746,196673993.773939,337656324.527345,191104479.919548,114093729.606838,204621341.20566,107736988.922833,181412958.009052,122366820.142488,8000,True
methylseq_4000.dot,110641579976,1119606039.77446,1246597889.11606,1056464821.61476,1226947089.39137,1065321565.75472,1325725654.8061,1044809342.81667,1226032453.90472,1123512977.39146,1357904177.10294,4000,True
chipseq,3793245764,23826.0775876247,32414.7809167237,20797.9727188351,28573.82905442,23624.8361851804,32885.4208579113,28518.3268525922,34159.9222826628,30992.0953265796,34760.3000563661,100,True
atacseq_200.dot,14091675276,4168735.4273168,5240143.64061859,4110553.42249667,5680095.8257238,949110.822040541,973024.343309548,2061854.84985468,4015720.17026632,1203237.79591145,1193359.18792461,200,True
chipseq_25000.dot,32978181418,5403692253.84325,7219458198.90565,5263468437.20821,6720711746.32696,5244603348.7148,3602935836.44516,5295513718.05169,6501281045.81822,5240733545.10732,3565711306.6919,25000,True
eager_10000.dot,19100037384,231658585.49705,461710287.63536,245990067.201723,425056029.45664,240786497.282215,149882888.941547,242213867.595189,132104203.120558,250982357.584874,159598631.74977,10000,True
methylseq_30000.dot,11897958606,2073335130.51065,2456538263.89814,2055400321.46862,2460256784.53092,2083284449.55723,3525751662.53731,2072036857.55491,2431332464.58307,2073324554.89381,3044494982.02455,30000,True
atacseq_25000.dot,11809629756,851272300.801833,1091266084.98161,925755090.668115,1063234755.81826,948172428.285326,224369179.530538,895523805.636329,344147777.035993,898037929.293907,255215090.333079,25000,True
methylseq_25000.dot,11897958606,1730047161.49232,2046314594.63401,1705865573.05777,2029773677.70764,1714458381.1483,3093949112.38034,1732980357.84754,2038994404.65394,1690583597.45323,2535197776.71052,25000,True
eager_15000.dot,19132169434,369561909.862236,695765662.958464,368596299.551292,643407693.767485,374933097.454681,219510147.391615,357134803.498001,197139828.634557,359056425.033103,231283289.347051,15000,True
methylseq_30000.dot,22500260922,718160585.521797,814185103.234537,722786500.275107,827211374.920695,719281121.482276,986885824.012724,725417345.684535,825379698.247231,736804729.854562,924721012.529265,30000,True
atacseq_2000.dot,11187378708,60989424.2535524,76356725.9353876,64484373.2737806,80244926.1244853,53835597.7313357,14845446.1939903,61163416.2473714,21191399.9984936,58437719.8485157,15997288.2250949,2000,True
methylseq_10000.dot,11897958606,710874402.128594,814608877.897123,701821535.19427,835548311.340921,687117771.891132,1095981190.97372,724026100.482866,839689657.530956,696708779.551061,1012799137.6478,10000,True
chipseq_25000.dot,4605965334,823408107.028494,1172248156.99642,810771579.435554,1069153312.23084,828150411.305746,637366159.099299,818830648.360899,886753389.070805,838261036.41898,668569419.306288,25000,True
methylseq_30000.dot,6273818718,649837169.097757,768367479.911236,653444495.283843,750600574.394335,638382785.185355,885165773.651345,643036842.975688,761120084.943803,651773092.957958,988120660.1412,30000,True
chipseq_200.dot,4605965334,58995.9284100059,2831993.56066128,61086.3757485799,2559349.65015891,66403.7431597929,72170.5417263078,61986.3574984969,68457.9195347758,56629.5624303108,64176.0259661197,200,True
methylseq_15000.dot,6273818718,325567686.341895,379161255.657666,323325772.280656,373954029.216019,330850118.018707,462270120.257098,330364136.472236,378028690.044693,338174390.188138,459362821.411076,15000,True
methylseq_2000.dot,11897958606,142185763.245009,163057549.04835,139542670.029734,161343004.163289,136124050.866405,236021864.346983,141262860.364732,162897564.509312,138387396.491366,206420904.726565,2000,True
atacseq_200.dot,3908761308,130852.625235312,629224.325987529,691341.622056486,895260.54412065,95599.699148111,83654.6497993902,133818.071577063,85792.6609014602,150448.110721742,82689.2641177505,200,True
eager_8000.dot,8330435694,149541887.287839,255325138.014206,145341154.588979,209675915.588194,152683077.446008,183064417.395457,157891359.644228,206197700.143088,156548106.645837,177426134.157181,8000,True
atacseq_200.dot,2223941232,311609.578342198,783759.748635066,266663.171267629,709686.442655302,89536.6483447391,81579.2232732327,101822.803992033,69162.7351610048,254360.415275165,83469.0261395396,200,True
chipseq_2000.dot,4807293396,68698323.3750958,99798886.1968883,65173362.6619201,87905346.1658255,64416959.2440131,51244563.5438275,64030287.6217199,53891617.4184462,67261217.7326633,44673710.7491291,2000,True
eager_10000.dot,19075314980,237762950.513959,464298192.24861,250761415.371034,422857121.264382,245714112.666721,147596656.713278,246019056.381877,134861850.093882,252078159.303179,160775759.593738,10000,True
methylseq_25000.dot,6273818718,557338258.211341,646542818.256794,536361399.48404,633675680.208058,531552342.179381,771773739.278186,545687082.066401,638863473.419456,537550814.619095,777955250.97913,25000,True
eager_10000.dot,8330435694,181947270.314112,331374503.537008,187529369.610205,271463515.523877,189281316.232489,220634946.009605,190143356.48285,254325544.584366,188679889.247792,218593689.459105,10000,True
methylseq_200.dot,8885797810,8167095.09901224,7329378.34891392,8427411.22752207,7511294.09613291,6023739.03100567,6304033.21944025,7294675.52289554,6938227.7009569,8511513.15062386,6984294.83568131,200,True
chipseq,32978181418,7234293.40802157,9933748.29052333,7913376.81642519,8591520.20706698,11372014.4883421,11860050.8222388,9695816.08396123,10364948.7975948,5047270.58443697,9272695.5396799,100,True
methylseq_2000.dot,6761426956,87251732.3796512,82863214.7989363,75851874.7492705,81196121.9869305,77414936.636852,108171736.227412,79111082.6037019,83443799.1577746,83785733.8943717,98564743.3905029,2000,True
atacseq_20000.dot,3908761308,406519873.246035,518601456.30254,394758927.233493,561308567.737743,389158010.930991,291156817.938103,390069248.672747,348955580.630709,394901003.871119,295799787.492212,20000,True
atacseq_1000.dot,11187378708,25884884.4163285,39107098.6873441,30699161.2911731,36119096.976451,25987394.783584,7895161.7440086,24150032.1352512,9693029.85504276,23950355.87788,7466334.78675121,1000,True
eager,19100037384,1909893.75386227,2322236.37753946,624712.456416985,1923906.63615969,1671661.51767953,1751769.15557264,1236601.28516184,2187460.71844674,835804.742317659,2118038.04817173,100,True
chipseq_10000.dot,32978181418,2144350004.42939,2832515057.42492,2083951588.59755,2635545721.96884,2073477447.91518,1441474466.95959,2168364901.27119,2599105469.81635,2096335764.23016,1431801621.62454,10000,True
methylseq_2000.dot,110641579976,548253139.280511,620977746.120765,518794758.497286,626679583.513831,526471038.949054,647118120.60247,570597159.546301,643059318.730633,572134561.400558,716953883.347764,2000,True
chipseq_8000.dot,3793245764,221503357.272835,316852561.457965,214736039.382581,288837047.388261,221804852.5549,166553481.374668,229236109.906355,217541417.542338,229278325.148432,165486342.851792,8000,True
eager_4000.dot,19132169434,105470962.287205,178508183.83316,104066141.785585,161812732.00962,101807764.420813,57783636.9983194,101213739.057037,52480391.6374142,102168834.754437,61768209.1759429,4000,True
chipseq_1000.dot,4807293396,26886756.9776398,43084148.3156391,25041071.2247557,41495049.1136418,26292779.3673249,21946035.6551378,27317986.2340461,26665403.5318158,25928532.0796321,20587227.1928525,1000,True
eager_15000.dot,19075314980,358138500.876197,688026301.777446,345381726.142395,632548425.344177,355808634.305708,216474650.295864,360660935.399194,200923730.889945,358579579.68693,241453661.448631,15000,True
methylseq_200.dot,6761426956,5095446.35770047,5443359.66124683,6016116.94113764,6312768.63208469,5036052.73021243,4867318.20273705,6462747.23839434,6185617.51577403,4743923.86359943,3557620.74557039,200,True
methylseq,17027257018,22829.1402394563,24866.4786538024,33283.7830663464,33634.2729717455,12673.9385151387,21859.7873223411,29272.057042865,31590.3688749279,27486.6923899115,28121.8085933918,100,True
eager_1000.dot,8330435694,22018890.2768149,21371179.2815376,18248126.5190318,19252206.4304147,19930430.0910283,19360761.7111492,19190769.4759019,16688336.7870126,21594063.4869294,16016426.6728419,1000,True
chipseq_4000.dot,3793245764,120149775.418484,145730717.263638,113595895.073607,137345815.789472,108146931.114376,77044545.451347,113770437.559811,102427563.301563,113052896.73716,101574752.564154,4000,True
methylseq_200.dot,11897958606,15427196.5307266,18214826.0479328,17536834.4575929,17371227.8310489,16914110.5886295,16563299.8202072,13183971.4904537,16003912.550851,13824087.1125735,14774549.5355883,200,True
atacseq_1000.dot,3908761308,10631943.2831809,18634743.1677691,9811503.78855924,17293248.8016011,9423573.70068177,11115911.6740302,10073363.5802224,9283484.39346189,10862688.8687915,8862074.212303,1000,True
chipseq_1000.dot,3793245764,19921596.6308237,33453860.4074588,20609199.4419633,29630406.4044114,20948978.7755645,14461750.1976617,21890196.796391,20668307.5005708,20476935.2826257,16013268.9156692,1000,True
atacseq_2000.dot,11809629756,61260983.7371105,79715971.3579356,60749597.3131042,82803214.422479,62089412.1459076,18436751.3246481,59022832.3616427,23758512.8224215,62168120.2158009,17587482.2880806,2000,True
eager_4000.dot,8330435694,81438110.5824982,126780493.830344,83725616.3208334,105687345.891412,75497887.5839327,86657984.116552,75311389.1085435,89805629.0712696,76429257.5973545,77825886.7048248,4000,True
methylseq_200.dot,22500260922,3887374.1770453,3358550.44183916,2728210.21886076,3202790.27278967,5297368.63046398,5130331.39814168,5348172.34168792,4458805.46488421,3917514.84903863,5841843.26804872,200,True
eager_4000.dot,14754556884,78361765.2064966,143116521.779831,83959694.2794991,130336353.002934,75079142.0607627,35841130.0607918,78595578.0443316,36161670.3548817,77330948.8767781,35497200.0621111,4000,True
methylseq,6761426956,5402.91807048034,10847.1356428891,7542.80085407156,11029.929946413,16085.3510893263,16131.9715675225,11509.1344418307,11780.3065962722,13695.6447601801,17635.3653113906,100,True
eager_200.dot,19100037384,3323815.32190758,3316970.37771895,2407151.05852289,2240642.82804732,2164561.85248433,2889719.37799455,1107401.87152465,2138877.5339093,1065670.6623243,2406730.78699988,200,True
methylseq_20000.dot,8885797810,1018233135.00055,1110554666.10215,1032900849.60083,1112571551.78395,1026705848.96313,1459051012.61407,1007851202.85478,1102484976.24595,1017333461.6526,1406837903.16344,20000,True
atacseq_25000.dot,2223941232,308768836.67301,398538385.22415,303695509.232735,419389506.411295,306954102.866964,157019573.106914,303534111.934646,227583173.158835,310564528.419163,190425800.735167,25000,True
chipseq_15000.dot,5058052541,571366792.853317,862388785.014919,566449469.285407,837243143.6257,595214122.695236,455968326.487614,580146681.485465,559254016.803314,596642807.933521,435520769.003612,15000,True
chipseq_1000.dot,5058052541,26648611.5047971,47964868.3351783,31736410.7023658,46049658.5290448,28785326.5513364,25530697.1404615,25730461.5666423,28789595.5799822,26304694.8406501,27963759.8157337,1000,True
atacseq_15000.dot,11809629756,550131392.752734,647806756.941767,549158871.704454,633317119.843132,562676219.783067,133838336.188518,516914094.634554,204362070.451651,553005505.906356,151998699.429099,15000,True
methylseq_2000.dot,8885797810,111616699.390426,112674453.963101,101168804.062716,109318423.368557,97353879.2224216,140118273.45155,103501472.142475,109058032.031469,100944421.179679,131130103.905929,2000,True
chipseq,41366257414,12142619.8288746,8679789.08845852,11435710.10832,9063977.38041073,10158213.4806427,7674789.60913082,8232809.34781659,8558694.08798977,12572772.0352595,9507802.34783352,100,True
methylseq_15000.dot,8885797810,782024453.183098,829057144.54803,755950072.864897,839423740.680598,772539007.519109,1141377922.0499,764833179.650898,836609187.166135,763243020.019939,1053338394.65034,15000,True
eager_2000.dot,19075314980,51285905.4152038,87198320.5997112,47261261.9513968,78927565.8358436,49281802.678295,28665762.5819384,51800401.8053719,28108179.3411051,55260215.0028385,28207330.8265532,2000,True
eager_2000.dot,19132169434,47469745.737897,87754156.3005908,49492948.4725375,78498106.1549753,56934539.8143692,28686113.0069837,50276956.3695708,25872318.6720632,50120113.832506,29115222.5197726,2000,True
chipseq_20000.dot,4605965334,662659866.991692,942543554.176744,665142025.942655,860228951.001988,664409182.387018,497856425.269724,674311606.628915,694950421.221058,649145901.727643,556521635.143059,20000,True
atacseq_200.dot,11187378708,199903.646627817,180738.904910011,267185.997815381,208735.712091137,170242.421761992,189869.688915849,168507.871666601,173844.498692469,214447.064280591,214373.333338368,200,True
chipseq_15000.dot,3793245764,409663997.389746,596952884.637529,419937491.713291,556700696.799682,415736891.215208,304377931.26112,412021146.286266,419654929.609445,420325370.57893,370172264.390718,15000,True
atacseq_8000.dot,14091675276,478706339.949579,527013310.723966,455908421.29843,677694757.012792,487793322.03629,116718194.802938,466802472.077294,241716317.071652,495821976.193389,133892145.222066,8000,True
eager_10000.dot,19132169434,235716289.858585,464610330.543572,256350752.316552,428553139.512287,245913018.727618,147198933.363586,251209586.284305,136460961.791862,244629758.218453,159401339.946603,10000,True
methylseq_8000.dot,11897958606,566139211.112109,658000010.525714,553746960.29745,655664839.934788,549797727.965407,850618357.209622,564847066.553287,655506529.394256,551399620.142983,799438762.06333,8000,True
eager_15000.dot,25705994498,596423892.918236,895513629.765795,587872724.564072,855088181.97505,564043436.230356,150081553.33112,565307266.379097,162165251.963665,549243213.723001,167485660.186163,15000,True
eager_1000.dot,19075314980,23343797.036663,33710135.1146321,22463708.1551046,32025290.9498898,26040324.6097211,13744712.5690835,26200834.0130892,12436633.5567331,26511458.8735672,12391258.4520663,1000,True
eager_10000.dot,25705994498,374083179.80774,600057844.463974,376743441.92613,571766769.489542,396962433.426361,100435045.660746,382012641.446092,110811646.141934,368585212.029529,112451993.050284,10000,True
chipseq_20000.dot,3793245764,549509963.31146,804836804.939296,542159695.978436,745474078.135681,544277452.800279,401659098.60295,545874385.282127,569046385.114387,559358924.344776,417946637.416237,20000,True
atacseq,11187378708,176451.104137827,161686.381051229,148139.477553179,141441.095708316,856083.901682269,145342.918036864,99417.3333921907,143942.214950843,170364.560260355,161921.296815611,100,True
chipseq,5058052541,26059.5280073622,28342.8803507172,26911.975913655,31727.853411967,21487.4380292246,28500.2578718163,19676.491141389,26789.3390502006,26026.3377100366,29628.2634412153,100,True
chipseq_30000.dot,41366257414,5358344970.77153,6897323997.07916,5432952907.69069,6849715146.36094,5270299134.6386,2927155860.9807,5405356074.41948,3490242245.3739,5330147414.26321,2941951478.65637,30000,True
eager_8000.dot,14754556884,158834603.022697,299943866.541576,162116801.195359,267086862.371805,160716526.959161,77520339.1644394,160989012.942354,78316792.8434876,161782986.572441,76719924.4501279,8000,True
methylseq_25000.dot,110641579976,6498870847.04269,7691722989.69499,6388416519.63847,7643522105.53537,6446785243.68275,7953836607.30811,6609023959.57414,7776387645.34476,6558848442.56057,8322113348.56468,25000,True
eager_10000.dot,14754556884,193375582.932355,369204239.55581,178410739.145697,325734211.893645,196404083.315928,96624337.7324737,185646116.435667,103150993.517466,188858373.229267,96050880.9105668,10000,True
methylseq_8000.dot,6761426956,316510310.356654,335057531.815563,322485835.503772,341739595.746092,327132142.298505,431945177.55248,326898028.178782,336368413.616947,320793550.56555,419735562.78179,8000,True
atacseq_10000.dot,11809629756,343390644.3261,430978593.773442,351759432.703799,410541757.457004,358853085.636617,91108023.014388,355595480.017085,136361907.849079,347425069.311739,97652911.6109481,10000,True
eager_200.dot,19075314980,2915061.18024202,2722501.34629346,3354745.1068202,2536609.78155382,3068456.08904055,3173639.39062734,2864546.41843713,2900032.52052382,1377005.3178996,2149698.9163922,200,True
chipseq,4807293396,16506.342277451,23375.3005345633,18524.9664076675,23506.3646751206,28390.6587371804,28767.2627009322,19913.6885321638,22835.8201172386,14786.7631076976,23623.8266939908,100,True
methylseq_10000.dot,6761426956,397983928.583003,419758652.625628,388777331.079252,420871705.915565,385729241.56237,519687744.171117,396378453.092096,422304790.611066,393821165.598259,651968923.670157,10000,True
methylseq_1000.dot,22500260922,23790562.6686034,23684364.4191947,23602016.9528515,26179248.1116528,23257938.1774547,30634779.8425625,21143927.8336559,23784860.3965126,22435048.1640669,29659862.3171136,1000,True
methylseq_8000.dot,22500260922,193713873.435796,223900963.916821,197087715.330539,212573555.344813,193622710.264405,266736451.875766,194328894.430817,222956613.204148,194145323.727575,259470087.014843,8000,True
methylseq_25000.dot,8885797810,1274386871.25282,1388533744.64979,1267724346.70947,1396274404.40177,1272274260.80803,1865800250.6687,1270441827.65727,1407917786.4927,1243983949.54964,1748359758.92535,25000,True
atacseq_1000.dot,2223941232,1729974.9603485,11341301.0880566,1470722.88178351,9340369.94954938,1133436.37571618,1710175.24922866,1372521.82316309,396727.410671217,814865.158944716,482757.826726563,1000,True
atacseq_4000.dot,3908761308,73332009.6361323,97877902.5086519,81471214.9606872,99048886.499158,72600202.6696811,53246536.962184,79185114.0475223,58522950.1075146,78032944.5343126,54364937.6809058,4000,True
chipseq_10000.dot,3793245764,273254071.192834,388464794.289385,291065717.753727,370166653.826274,285228196.279366,203067489.663146,271423412.590124,274860095.506769,281456637.719248,207142067.614599,10000,True
eager_1000.dot,19132169434,24628525.6935282,32978315.4490601,27955542.3731645,33064730.9142193,29451791.2888287,12067159.4792506,29155326.7617307,12673296.5612313,24014574.0316816,11373122.9064486,1000,True
methylseq_20000.dot,17027257018,1954406891.74364,2353066793.34228,1977318723.87042,2333366496.1493,1993960928.83528,3439389669.69715,1991512120.39033,2321705007.62828,1988761816.45735,3463213772.76097,20000,True
eager_8000.dot,25705994498,315622468.306007,479426780.025575,303145825.58119,460408988.105965,304530086.277682,85484959.4798947,293415102.265281,91483183.0716252,305152765.459446,93230202.3784412,8000,True
methylseq_2000.dot,17027257018,222333663.665143,239426340.999538,206834728.722216,228694574.547467,206437222.538709,337882001.739224,204831655.251389,232209874.106275,222517214.916571,353312004.842911,2000,True
methylseq_4000.dot,6761426956,154037412.428178,167168063.281414,158658094.151611,168106273.793179,162728060.89152,240303975.447011,155733513.87528,169516635.756527,155198610.891756,210267954.627203,4000,True
chipseq_8000.dot,4807293396,283901230.55367,372094228.713575,284826638.484813,382577829.888519,296396018.391427,207753122.196243,294145140.769472,235206971.955561,287998659.836758,187383585.408223,8000,True
methylseq_20000.dot,6273818718,428084229.022311,499493428.418317,429157566.056205,507642804.477247,438711432.886594,619200093.866415,435191150.362532,509543274.025311,426456199.982548,699242743.962536,20000,True
eager_4000.dot,19100037384,100830835.220203,181578846.378769,102911346.691648,162260658.85965,100175511.595128,55301005.8837493,100519891.632363,54533742.7460117,105400395.721268,62237355.3385717,4000,True
methylseq_20000.dot,22500260922,484808285.573249,551250451.39729,475924528.851129,545653993.597833,483567326.021722,660047144.073854,478665786.100681,545832639.485364,484226279.871064,652731462.001686,20000,True
eager_2000.dot,14754556884,40923038.010606,62943250.1068403,38643667.4034315,55467161.2962878,37663818.3040991,18497473.9468089,40118905.181793,17563362.0214286,40723746.1166774,16722973.4603158,2000,True
atacseq_20000.dot,11187378708,659703866.411558,825355532.287963,713310605.280905,819390095.050845,708659657.538737,162747916.532782,698092970.828724,251157006.105423,723504596.839127,184417433.649664,20000,True
methylseq_4000.dot,22500260922,102006464.177876,111428019.611676,96754926.7226376,107773151.798602,100270513.598262,133773311.761434,98868224.9031419,112931492.774576,95740762.7064175,128355132.202302,4000,True
atacseq_15000.dot,2223941232,187296011.908975,241828827.235476,183171020.860948,248113675.973735,181410826.844051,96921911.0295546,190317202.595752,131495480.800945,182314581.958447,113281962.672482,15000,True
atacseq_8000.dot,2223941232,97358088.3644179,127058906.284966,98066543.1492936,130078879.917727,97842170.9715773,48293650.8073266,99356166.1258342,71840447.0572364,105553303.376678,52342278.5479292,8000,True
chipseq_200.dot,41366257414,21216368.5958505,43448693.3169959,24639866.173248,47695649.0838818,22392197.4708203,23736452.930008,24933458.4458043,33419583.8221902,26178531.3673586,27040798.5824841,200,True
eager_200.dot,19132169434,2744838.72838292,3424137.67117215,4078288.69701786,2303932.29013165,3483787.7574556,4007670.44377908,1386017.9166384,2593109.4892406,1250998.97237823,2637578.720701,200,True
chipseq_25000.dot,4807293396,890450730.444461,1209484839.52137,895200837.15045,1244490649.03473,906552658.907323,664338852.606622,908079509.921887,822905426.62788,907825035.790955,588394112.119534,25000,True
atacseq_4000.dot,2223941232,46226811.4108554,61004026.8064973,41718479.4652098,59337463.8001452,44125762.6849208,23889373.4780622,41109597.7204452,28861755.064146,42726287.0800845,22852285.6076278,4000,True
chipseq_10000.dot,41366257414,1739492125.25661,2239767576.6982,1697739950.43734,2188387932.8409,1777650515.53308,980395007.791532,1790092416.44936,1291370617.11621,1742713749.80743,1007964500.0989,10000,True
chipseq_4000.dot,4605965334,129703638.7514,180620549.186839,142964834.185463,159503860.568079,137650338.858961,98262457.3084758,131979076.380431,131810891.166826,140803585.217961,126328131.891414,4000,True
atacseq_10000.dot,2223941232,129664716.875483,158958801.97707,122278104.627037,162259810.077318,124156575.711569,64185447.10334,128098266.372126,87039324.031366,124909776.946937,69709775.4863138,10000,True
chipseq_25000.dot,3793245764,676452056.466498,998396068.765602,668817813.574532,891546536.067868,676416848.690134,525816524.6065,718302393.110606,710707218.226204,686619969.374193,554058489.600403,25000,True
methylseq_25000.dot,17027257018,2444883957.63059,2938596157.00762,2478940267.16561,2926516452.9258,2470110857.30126,4393588705.09514,2476349971.58007,2886108402.00617,2459990968.82156,4369418994.54093,25000,True
eager_2000.dot,8330435694,41300414.7123839,59796671.8761844,34230957.9141809,46902594.7340628,42179140.738565,40156512.6496939,37969424.3271713,42542016.4653642,45365296.9055786,36318278.5782787,2000,True
chipseq_30000.dot,5058052541,1111636262.74587,1760899366.69565,1123279099.08254,1686841302.58765,1178734806.46362,948064958.122595,1133826441.30716,1157380223.93674,1139162748.75438,856554245.635151,30000,True
methylseq_4000.dot,11897958606,283766432.436051,335083217.679871,283199311.765548,325479309.115729,280175537.202284,468544071.368473,281503273.915349,329064445.071802,286306569.159712,406609549.589982,4000,True
chipseq_4000.dot,4807293396,137698416.953327,184595295.397366,144879450.181705,182698772.629985,148712061.298121,103333406.621627,134598976.73474,109197313.336224,140875059.261722,92841258.4987822,4000,True
eager_200.dot,14754556884,639786.217246757,698553.18252273,408005.545035591,327399.52536723,312084.482858076,945723.613674904,282109.775974608,1462513.68861575,249339.151296628,340653.063703563,200,True
chipseq,4605965334,23325.7820501308,30404.0247023243,31520.5985617534,33745.7366165046,24622.9554016934,30469.7750633478,25079.0659613793,32800.8136273526,24636.6308959445,30646.6074797069,100,True
methylseq_15000.dot,22500260922,353526588.993221,406102801.238429,364516967.991548,421795853.630153,357601462.351794,497561180.830703,379519509.071429,406783025.126478,359572522.748237,487308909.971017,15000,True
chipseq_20000.dot,32978181418,4372264372.1158,5672500573.69662,4281762332.49476,5323054912.04896,4233603163.6613,2864944089.8448,4267463405.11693,5218559508.20736,4149803236.57617,2854376352.19211,20000,True
methylseq_2000.dot,6273818718,42562462.7103451,47819927.1477658,42188606.5496674,45743333.4120866,43054255.8974683,56751335.5846365,45688594.5459255,50523494.5418301,44176683.4677326,54212573.6306499,2000,True
atacseq,2223941232,43673.5794772436,22624.5324519509,47225.2487847393,27770.922323076,40648.0616053328,28544.5599749792,41791.381999153,28679.6120257297,38634.2274933901,27851.321445172,100,True
methylseq_1000.dot,17027257018,100314312.389286,116085834.527838,98249676.315531,111613221.975814,100473578.191142,174135775.221474,105502290.758271,118206229.76396,103465394.500711,178588849.651174,1000,True
chipseq_8000.dot,4605965334,280022972.212262,379792647.669059,268956063.301619,339504828.15093,272507097.164648,201017085.015389,269674309.427768,275496521.639962,273905787.297146,213237081.704414,8000,True
atacseq_2000.dot,2223941232,13521196.9227684,26306465.9671525,10012933.4420764,24292760.4089736,10454797.4774342,9285509.8919477,12659974.7123337,8797091.93688275,12267571.5367414,9668968.30702802,2000,True
methylseq_200.dot,6273818718,35944.4187128864,37793.1410415271,30192.2410829279,37943.8447685306,37831.5033969364,58979.0747224236,51080.9150421926,50866.4942220375,33189.2428592773,51680.2408313041,200,True
atacseq_8000.dot,11187378708,293293113.331272,339238643.136371,300402871.84329,322138964.867232,281932106.259834,62617335.8536857,272230388.419527,96711275.9049123,268415538.881824,72852425.2929509,8000,True
methylseq,8885797810,12529.8164690763,14046.40032221,16627.586026871,16617.0608467678,10774.5188984436,18698.5057175266,14456.6983992151,15506.3304129556,8490.20524612768,14063.2327217151,100,True
methylseq_10000.dot,22500260922,242445749.87594,277267804.053074,246507482.707965,280029136.794423,242185552.686646,327680041.443449,238046696.257793,270315900.574416,241749245.940417,314435247.648904,10000,True
methylseq_1000.dot,6761426956,41900890.4002468,41982360.6553329,43726992.7233664,41273839.4498174,39819780.6276945,52023990.6738374,40174459.1132555,40243986.9053559,44493092.9876714,60934216.4556769,1000,True
chipseq_2000.dot,3793245764,58077564.9993253,74431463.5108365,54356093.456683,66290475.2744699,58031244.9696223,36615335.9882076,58794893.9437894,47045626.0965732,54583409.3362054,36252417.0505575,2000,True
methylseq_25000.dot,22500260922,593235334.398437,680615543.120745,612555994.586837,683634127.733177,592699977.263421,824020481.881274,608647083.81311,694724139.932545,610386093.203631,796398647.989545,25000,True
chipseq_30000.dot,3793245764,822701860.005543,1214163122.0467,831232736.613497,1129328949.84959,835919522.831254,622855543.622122,820680244.786855,860112253.742746,812858821.880267,644915541.89491,30000,True
methylseq_1000.dot,8885797810,58138459.3940949,55725509.6530648,45917242.3310071,51371129.862267,48688900.8554775,64130204.9571314,51749014.5473795,52266682.6085265,51749634.1827704,78828880.3601361,1000,True
eager,19132169434,1586775.79993984,2357400.79756574,1458754.38945115,2036326.31365458,3092597.26643299,2996073.20396477,1699948.56744329,3254587.37049251,540217.045456622,1955428.15016364,100,True
methylseq_10000.dot,17027257018,1006562520.36601,1180188897.57487,1004470183.08212,1186700033.80095,985563906.632053,1588118034.6533,978219576.147906,1159530314.0256,967663417.91671,1739792391.91255,10000,True
eager_200.dot,8330435694,1332344.74465992,153851.11710191,204154.546377854,71052.7250734651,565666.738678992,149819.746128651,160600.226297708,122223.009849822,130578.184474794,98966.854054497,200,True
atacseq,11809629756,376370.932505883,354657.911237871,372060.075870954,357170.488913037,197890.832196026,214854.29014216,61477.3978159168,217144.363409266,325038.880767303,304257.750516151,100,True
chipseq_10000.dot,4807293396,365395447.956511,471202591.351626,372981393.413811,483119930.77067,359397659.06488,258540982.030099,351861340.657732,310298913.571832,366697425.772996,233937787.212036,10000,True
dag_20000_wide_3.dot,1,15129892647.0704,19277865571.9327,14863808271.883,18926324775.8541,14509767544.9736,24973998509.4476,14727790253.3319,51548653707.8372,15076176657.1189,67942977896.5445,20000,False
dag_10000_general_4.dot,1,43204831825.0937,44516177029.2231,43178697400.5448,44620523544.5638,43313873419.3003,46768374693.3846,43342584989.0686,71656427563.354,43210482382.5681,77128758385.4521,10000,False
dag_20000_general_3.dot,1,87229820521.5522,88787678287.4236,87137514169.3549,88452241220.4702,87331845094.4126,96464580520.2813,87232061679.2653,143569037975.342,87196841310.7243,153337856637.218,20000,False
dag_8000_wide_3.dot,1,6099903601.65997,7594759358.16029,6049237072.81126,7371246651.79455,5867706631.26281,10333737041.0737,5830442929.91931,19692365828.8522,6103067789.34942,26567701329.0711,8000,False
dag_200_long_3.dot,1,2086295773.72848,2062669203.95102,2086295773.72848,2062669203.95102,2228916328.34745,2066004784.35328,2155039195.27712,2063904454.02006,2228916328.34745,2066004784.35328,200,False
dag_2000_wide_3.dot,1,1697099660.73757,2090990663.6411,1663137760.08817,2071600002.88704,1604535306.43006,2451830421.49641,1635761995.54366,5670440271.20165,1722365612.06511,6821266268.87749,2000,False
dag_10000_wide_0.dot,1,7484728595.43219,9596524666.11041,7478859800.15755,9361155780.77651,7308289487.33746,12347997603.4138,7491808448.57535,25277497458.2591,7687048312.66324,33623769242.9235,10000,False
dag_50_long_1.dot,1,534917831.730626,534917831.730512,534917831.730605,534917831.730512,550719439.510232,534370746.326697,555354897.003662,534961469.49826,550719439.510232,534370746.326697,50,False
dag_25000_wide_2.dot,1,19268632282.3413,23897231233.1001,18878839031.058,23462039796.1064,18025230155.3536,29175607652.1805,18014767953.1803,62961003192.1308,18451118690.1122,82328157294.6606,25000,False
dag_1000_wide_4.dot,1,926447571.094764,1097076135.36307,880559202.731639,1004566901.62828,836451950.950054,1569036374.63145,890614945.042424,2695090429.91467,930786231.062494,3279369356.34127,1000,False
dag_30000_general_4.dot,1,129295281500.345,132423392235.727,129201250777.147,134753153734.634,129171880222.341,145694883549.823,129349911563.11,212463351162.819,129163672138.827,228621338427.835,30000,False
dag_1000_wide_3.dot,1,913815466.841787,1091262326.42156,947185158.659582,1034829923.78313,868233242.863341,1740125160.612,857352984.033811,2442911270.20042,956303545.562533,3213916914.88217,1000,False
dag_50_wide_4.dot,1,131433457.405213,126132159.207732,134900922.198798,127275513.374657,145197705.842562,149956887.789005,152540213.565687,141680067.329424,176454390.028433,183293488.976808,50,False
dag_200_wide_1.dot,1,264300712.604649,309953404.903555,272795790.424803,301811588.175619,288780241.093521,389512246.911345,336121853.555075,575062985.719586,350269975.00763,668372845.752368,200,False
dag_200_long_1.dot,1,2200803703.50497,2170562600.70379,2200803703.50497,2170562600.70379,2217822132.11957,2173735967.83364,2274545394.68643,2170627340.88539,2271777940.99387,2174757158.83683,200,False
dag_50_wide_0.dot,1,136424831.522059,136752797.899136,142018285.86472,143803091.867009,165212556.643564,194893742.407599,154776733.029398,181953329.486505,154268034.211547,191816261.359456,50,False
dag_30000_wide_0.dot,1,23037940487.3945,28687273913.0367,22375585335.777,28098051536.8787,21646017845.8345,35684282055.6192,21757654030.1091,76025167079.9543,22320515632.3058,100022812846.199,30000,False
dag_200_wide_0.dot,1,313993344.889057,312602754.913834,323783167.632103,297437779.958356,351381401.890083,474249907.383961,338238706.398933,640581564.471145,402746247.256528,689257690.528509,200,False
dag_30000_general_0.dot,1,132088390643.806,135248259998.037,132047816627.833,136420674639.935,132173939477.65,141953506648.027,132218750358.884,217538928883.942,132183353399.031,234174605810.023,30000,False
dag_4000_general_1.dot,1,18121088794.7314,18438299223.4648,18038258296.8306,18372016992.0862,18144833315.8719,19647060100.6599,18210775278.7082,29736109225.2586,18138564692.1026,31719412303.7273,4000,False
dag_8000_long_4.dot,1,87386811356.5555,87369969482.3587,87386811356.5555,87369969482.3587,87421611226.3337,87368664563.1379,87480313280.9828,87368664563.1379,87448786850.763,87368324110.7487,8000,False
dag_50_wide_3.dot,1,161834572.145172,192390071.725228,160616908.348598,156235793.663478,170901728.291284,169490094.253577,181236325.649215,189836428.094461,199661413.067208,194758530.383319,50,False
dag_20000_long_0.dot,1,222087985376.583,222051351547.245,222109102984.341,222051351547.245,222078910519.141,222051515922.081,222161306822.559,222050439249.009,222131336857.258,222054380259.424,20000,False
dag_25000_wide_1.dot,1,19085384038.0938,24107032333.4723,18633269951.8422,23614400373.4016,18250708010.7059,31352520765.1561,18144320988.4928,62394093042.9744,18729230721.4671,83973956871.3728,25000,False
dag_2000_wide_0.dot,1,1595456682.69767,1989924642.6984,1641971562.68013,1998868054.88947,1641356855.0793,2579897167.90967,1662359595.9087,5243124695.68544,1784391706.22778,6831368276.71537,2000,False
dag_2000_general_2.dot,1,8787288520.57749,9222946568.24282,8846632282.93168,9089375605.98765,8810734437.82915,9639754913.22094,8892670233.77122,14173240261.3987,8795312358.6262,15713695019.2871,2000,False
dag_10000_general_2.dot,1,43995815146.3235,44813265075.489,44134987819.9743,44766780035.8685,43860869502.9495,49097464911.1108,44077691590.9051,72498934044.8753,44066665955.5182,77678730282.6024,10000,False
dag_4000_long_1.dot,1,44470767900.7607,44448870296.2076,44470767900.7607,44448870296.2076,44528118690.0356,44448717894.9292,44550925704.3448,44447840563.3061,44476848492.524,44447227310.3647,4000,False
dag_10000_long_3.dot,1,110979339240.448,110979339240.448,110999747382.209,110979339240.448,110998668433.184,110980679126.771,110998042454.22,110979339240.448,110998668433.184,110980679126.771,10000,False
dag_50_general_4.dot,1,489307154.495492,457664024.369926,571934454.171445,476257623.086569,593276343.080909,476542119.609535,616711514.198698,497194768.54407,665909454.838055,564863819.105999,50,False
dag_10000_wide_1.dot,1,7604653795.04656,9693849787.28722,7572672580.09155,9354646640.44752,7399723466.35491,10351289739.766,7462771927.80054,25056931320.8456,7686138884.17138,33744338317.6287,10000,False
dag_15000_general_2.dot,1,64623230340.5017,66183318040.9947,64627293432.8534,66548032917.8849,64410571900.3898,73511495197.2126,64499205304.88,107076412948.987,64486494544.9079,115681259431.861,15000,False
dag_20000_general_1.dot,1,87599050600.0927,89786430535.2953,87538600460.4622,90275242232.1785,87613743896.5027,96286203582.2122,87614823101.4838,143778667804.574,87551826516.6123,155932898639.682,20000,False
dag_50_general_2.dot,1,591192395.169889,610245043.54245,592175733.547565,547126644.623168,614915527.140196,548207001.607402,613550400.946526,600148898.851354,783692363.717357,665347126.040478,50,False
dag_200_long_2.dot,1,2165210664.42643,2114555332.21619,2165210664.42641,2114555332.21619,2175654589.15433,2115360277.85592,2175574696.52068,2114555332.21619,2176345929.02761,2118430052.61543,200,False
dag_4000_long_2.dot,1,43847565963.0036,43847565963.0035,43847565963.0036,43847565963.0035,43905130531.5657,43848705645.3829,43905545416.9736,43848826831.586,43905130531.5657,43848705645.3829,4000,False
dag_200_long_4.dot,1,2285752570.94087,2285752570.94075,2291103285.17034,2285752570.94075,2345613463.70838,2287532852.69858,2345739183.59988,2286236173.36829,2317199963.2983,2286309303.38147,200,False
dag_20000_wide_0.dot,1,15623313022.0241,19042587641.014,14826171394.0004,18683051917.2498,14466957610.0804,27183103391.9761,14510431677.1641,50117842870.0225,14928314714.6445,66992143036.017,20000,False
dag_30000_long_3.dot,1,330339805150.794,330339805150.794,330339805152.794,330339805150.794,330376477788.871,330341262294.877,330376278499.291,330339805150.794,330376477788.871,330341262294.877,30000,False
dag_10000_wide_2.dot,1,7769073905.61577,9604107020.14581,7601773816.85361,9314665859.59851,7270941898.25889,12130846316.428,7425013144.02569,25052518644.4817,7695759305.11201,33230976430.9704,10000,False
dag_30000_general_1.dot,1,131381356537.848,133783483945.511,131404824322.94,135914278935.632,131366601145.412,145789542303.927,131471648870.792,213738494213.756,131408997556.48,231703689862.313,30000,False
dag_25000_long_4.dot,1,277347366512.243,277337802167.495,277374861682.246,277337802167.495,277414906690.689,277341319844.571,277415825904.028,277340576038.338,277384437349.98,277340974824.264,25000,False
dag_1000_long_4.dot,1,10782942020.0321,10782862969.3681,10783717624.1294,10782862969.3681,10782326476.8925,10782326476.8924,10783717624.1295,10782862969.3681,10782326476.8925,10782326476.8924,1000,False
dag_25000_long_0.dot,1,278493934179.49,278473295366.777,278527664137.045,278473295366.777,278526653380.454,278475155799.327,278527499526.774,278473781187.75,278526653380.454,278475155799.327,25000,False
dag_30000_long_2.dot,1,332612208710.434,332612208708.433,332634457491.278,332612208708.433,332647695225.041,332611304723.113,332673508025.19,332610108150.502,332646606246.226,332610215744.298,30000,False
dag_4000_wide_2.dot,1,3216711177.87298,3879988625.42179,2996619537.33891,3805575728.68177,3045346438.86217,5000366549.35548,3042017855.06145,10218639612.0372,3171760338.04614,13133933383.2478,4000,False
dag_200_long_0.dot,1,2136618603.57143,2136615242.30166,2144229013.34039,2136615242.30166,2170477320.92784,2137143597.09737,2192432928.96418,2136871926.27819,2169342243.79566,2138217837.01265,200,False
dag_15000_long_2.dot,1,165869060087.829,165845583763.686,165869060087.829,165845583763.686,165909952410.812,165847978266.578,165911007207.172,165847978266.578,165909694447.804,165849413968.078,15000,False
dag_1000_general_1.dot,1,4682873439.7117,4732272405.15889,4656948177.95149,4562965647.13553,4486805964.93899,5049800991.88115,4680934594.15626,7408116814.76257,4711362153.27892,7992494267.75679,1000,False
dag_20000_wide_2.dot,1,14917535023.6438,18763873968.4427,14839206931.7622,18366006378.0524,14316889062.0556,22258903656.6295,14457964490.5365,49189145280.5687,14860418332.7309,65860289795.4398,20000,False
dag_20000_wide_4.dot,1,15032031383.5467,18825874090.6788,15365681670.6364,18319657421.6534,14514170682.0618,24957983287.7698,14438504087.3984,49186991161.5117,14900120351.5161,65783413903.9237,20000,False
dag_8000_wide_2.dot,1,6226995476.64398,7620551767.2738,6170125792.6469,7513959757.88763,5906023284.89458,10956854586.2753,5902701554.74288,20374485325.2297,6153092876.81561,26691662411.1255,8000,False
dag_20000_long_1.dot,1,218700110490.405,218700021977.914,218700110490.405,218700021977.914,218773375917.331,218702071436.519,218773749456.441,218700887751.92,218773375917.331,218702071436.519,20000,False
dag_2000_general_4.dot,1,8703170476.56301,8952770266.708,8683604749.8973,8878686470.51722,8698775874.23357,9957511500.18542,8754284798.46017,14147315924.639,8635364105.18069,15812569077.118,2000,False
dag_8000_general_1.dot,1,34693732508.0271,35397652621.1513,34701815396.652,35234838767.1101,34689666421.1214,37312288165.3813,34875368635.9587,57011765567.5685,34784024288.6693,61574115613.5,8000,False
dag_200_wide_3.dot,1,289668091.597447,306523979.14755,259420895.567341,284901114.396008,285785672.51015,440133634.3339,302169153.779485,710868128.823698,425422782.742793,788571774.80764,200,False
dag_15000_general_0.dot,1,64999533224.1351,66206019283.1363,65032499995.8262,66224866994.3855,64979829718.4914,71665925167.2663,65063272040.2156,106083635092.354,65021047073.9271,114599313083.334,15000,False
dag_15000_wide_3.dot,1,11327922843.3824,14532942709.6432,11279438328.7089,14156111959.7936,11067706064.5182,20159389143.0353,11066262796.1116,37825736018.3265,11413933838.5347,49662150864.7011,15000,False
dag_200_wide_4.dot,1,233620705.143739,267727823.372018,241668852.407616,273665369.970051,274754157.119766,529005241.519539,261144686.533422,556617746.47802,312731734.550076,720987400.787796,200,False
dag_2000_long_2.dot,1,21585653926.1438,21579903989.0351,21585653926.1438,21579903989.0351,21582732167.6034,21580771617.9692,21583423856.5937,21580771617.9692,21582732167.6034,21580771617.9692,2000,False
dag_10000_long_4.dot,1,112896088171.108,112863400640.099,112896088171.108,112863400640.099,112987427030.031,112864917413.599,112987785503.5,112863842079.033,112964550252.623,112865486411.505,10000,False
dag_4000_general_2.dot,1,18117458051.6987,18378371724.0425,18144879645.3692,18344673401.2734,18133271975.0934,20369194790.9316,18150133024.8695,28619706490.7531,18273799229.6057,31105687069.1028,4000,False
dag_20000_wide_1.dot,1,14992491747.7029,19141536165.0082,14829363272.8558,18571588981.5225,14382083310.3332,22203797629.411,14565333843.2949,51207201045.9952,14935488632.8187,67133991471.4056,20000,False
dag_8000_long_0.dot,1,87261150000.288,87254553191.8278,87276043936.67,87254553191.8278,87272435765.179,87254307109.5681,87275080908.7731,87253949260.5383,87272435765.179,87254307109.5681,8000,False
dag_25000_wide_4.dot,1,18760019201.4563,23974886391.6738,18365813869.0803,23391529244.4011,18153385662.5465,32856925236.4943,18031444730.9982,62162246130.5379,18654287757.4796,83172848051.6728,25000,False
dag_15000_general_4.dot,1,66283544337.0589,67970348444.9266,66334093689.2884,68015477209.9743,66320905752.7828,74851208703.6209,66432879613.4449,109695510995.477,66481018690.033,118258747880.519,15000,False
dag_1000_long_3.dot,1,10955566135.9874,10928383340.4777,10955566135.9874,10928383340.4777,10954687427.238,10929392039.7897,10954847057.7937,10928637560.5639,10954687427.238,10929392039.7897,1000,False
dag_4000_wide_3.dot,1,3168341599.14297,3916339261.85244,3113837181.73213,3816897169.42473,3091184712.39702,4968715222.45197,3155282885.96822,10027975864.4125,3275869297.00314,13379128640.6599,4000,False
dag_2000_long_0.dot,1,22664042416.4326,22664042416.4326,22664042416.4326,22664042416.4326,22740541916.4036,22663343876.3484,22742072098.0725,22664042416.4326,22740541916.4036,22663343876.3484,2000,False
dag_8000_general_2.dot,1,34713778996.2597,35619060652.0309,34752471538.2281,35343107923.5791,34738235237.542,37364203552.5631,34664101866.3759,58113443780.1635,34743843263.9478,62032983675.9512,8000,False
dag_4000_wide_0.dot,1,3178220367.09446,3813338237.99575,3324305322.72917,3683174172.19475,2975450929.63231,5161201219.04295,3082642480.52836,9791056834.64011,3235028448.87656,12893500829.0881,4000,False
dag_20000_long_3.dot,1,221127185763.916,221119896881.658,221129863814.392,221119896881.658,221141781331.38,221120809067.367,221141781331.38,221120809067.367,221141781331.38,221120809067.367,20000,False
dag_10000_general_3.dot,1,43840339437.3253,44634281269.0275,43722390660.322,44783201773.2727,43753328581.1885,47548144260.2391,43859917937.3777,72073385384.0298,43698549146.0756,77816896874.1787,10000,False
dag_15000_long_1.dot,1,167826496612.925,167822650942.832,167826496612.925,167822650942.832,167835306308.087,167822650942.832,167835306308.087,167822650942.832,167864759726.428,167823066911.688,15000,False
dag_1000_long_2.dot,1,11143916155.6858,11143916155.6856,11146959344.9654,11143916155.6856,11146110832.0788,11145042199.6434,11143916155.6858,11143916155.6856,11146110832.0788,11145042199.6434,1000,False
dag_20000_general_2.dot,1,85964360030.6407,88728358073.4716,86108011445.6662,89283787228.7329,86187041793.9753,96527948040.9182,86262935532.9092,142407032190.076,86097573121.5942,155682650757.521,20000,False
dag_4000_general_0.dot,1,17492422488.0634,17670677208.8478,17521456109.0979,17635193877.3355,17452823622.1854,19094117010.1008,17507623561.0884,28091767903.9424,17471859851.7603,29916219004.4016,4000,False
dag_30000_long_1.dot,1,329381668654.923,329364029921.809,329401690252.134,329364029921.809,329400861159.954,329367698581.092,329403650368.9,329364029921.809,329400861159.954,329367698581.092,30000,False
dag_25000_wide_0.dot,1,19365552395.586,23923855202.4831,18803904738.4098,23464410130.6393,18071455700.3731,28951138422.4332,18122913099.108,62942886512.4105,18628177442.5403,83063806630.6227,25000,False
dag_2000_wide_1.dot,1,1718263632.03964,1949360681.35905,1611741506.63161,1976313739.29573,1602563259.00274,2806583297.18054,1600111487.19026,5246605579.10479,1773038903.46958,6668161890.87196,2000,False
dag_8000_long_1.dot,1,87461435850.3544,87445925693.0699,87470284792.8155,87445925693.0699,87486711386.2544,87445936400.0421,87486711386.2544,87445936400.0421,87460149031.6483,87444768306.479,8000,False
dag_1000_general_4.dot,1,4538750446.18881,4596704297.36751,4593393476.92929,4608914350.34857,4547313492.46937,5031407791.413,4520740958.75732,7366718520.08417,4667037967.28902,7820523975.02231,1000,False
dag_4000_general_3.dot,1,17716977384.1009,17964712437.064,17600237307.3687,18078268981.6531,17700276301.0959,19402533542.7204,17801269982.7131,29041941759.9485,17778103801.5517,31056989765.8753,4000,False
dag_8000_long_3.dot,1,87289012293.1198,87288173469.2257,87295081848.1391,87288173469.2257,87306768903.0012,87291694466.29,87306592985.7581,87288148053.862,87306768903.0012,87291694466.29,8000,False
dag_10000_wide_4.dot,1,7473017437.50998,9514150417.58928,7432010775.66257,9292105012.69755,7323814736.76529,11752129162.891,7388422451.75258,25226379337.5433,7649993374.22439,33595291006.3543,10000,False
dag_10000_wide_3.dot,1,7678766488.87974,9483379764.49223,7652046413.18937,9264200653.02887,7276759522.65285,12779921158.4275,7387428467.50655,25001964646.6328,7555757344.13779,33567943599.1908,10000,False
dag_1000_general_0.dot,1,4610861822.08015,4664531180.71083,4601289724.0831,4623140230.15444,4548155024.97327,4880690490.00899,4636327998.73252,7268907787.67223,4575652315.6616,8016413250.01135,1000,False
dag_25000_long_3.dot,1,277500366509.347,277472485809.172,277500366509.347,277472485809.172,277527131617.578,277476004822.669,277525106269.258,277472954592.717,277527131617.578,277476004822.669,25000,False
dag_200_wide_2.dot,1,305401470.581853,323941091.646647,331258956.401179,297496900.195386,321998556.95633,399598476.433589,376487292.460173,536070699.601962,360656734.659615,685042601.565518,200,False
dag_10000_long_2.dot,1,110897457092.331,110852647021.72,110897457092.331,110852647021.72,110886344458.195,110854214164.712,110964004948.129,110853515330.116,110886052328.399,110853922034.916,10000,False
dag_25000_general_0.dot,1,108124141224.618,110930286942.784,108250316451.458,112199107276.136,108255887535.481,117286613596.356,108223425582.561,177561397177.099,108234401122.123,192656520758.038,25000,False
dag_1000_general_3.dot,1,4624915711.79302,4599673806.51948,4753205760.45646,4508738333.26239,4607928746.78508,5002774807.19573,4723683220.95364,7124124799.79231,4766476993.61264,7937048530.25444,1000,False
dag_25000_general_3.dot,1,109825491081.737,111729657354.678,109887099767.763,112985306234.949,109926875580.319,125733351925.137,109829865470.283,179178651925.878,109876024030.675,193796523732.602,25000,False
dag_2000_general_3.dot,1,9040228995.62059,9156786203.56891,8994315903.91991,8989911312.24323,8984590612.2095,9588066490.64758,9022065010.34158,14753149501.554,9060427554.11265,15537410935.738,2000,False
dag_50_long_3.dot,1,512658720.098737,466255894.930291,512658720.098737,466255894.930291,527503563.52941,466998494.052503,556511879.692896,466998494.052503,501587782.297717,470459674.200189,50,False
dag_4000_long_0.dot,1,43754473642.9206,43728210343.6129,43754326984.6535,43728210343.6129,43824762860.2693,43734597515.9233,43964858691.313,43730025138.195,43883822977.0014,43735731801.0597,4000,False
dag_30000_long_4.dot,1,334151606337.717,334151606335.717,334151606335.717,334151606335.717,334236979894.141,334151010260.69,334238219030.324,334151606335.717,334209691284.872,334150691256.687,30000,False
dag_50_long_0.dot,1,400903125.67211,383799092.656856,410178322.956587,383799092.656856,428642902.673695,384854826.716681,428093615.189269,383962569.343277,428086188.137351,385018303.403102,50,False
dag_30000_wide_4.dot,1,23325087295.6329,28431973820.3135,22720008369.2817,27979140537.2379,21750361525.5957,34202173086.1557,21805968444.0427,75463435484.3548,22455067069.6356,99501266726.311,30000,False
dag_30000_general_3.dot,1,131535842440.47,134687846214.331,131623843562.789,137323638915.584,131546644754.623,142604639569.465,131434599310.728,217305934272.588,131513306475.724,232988619242.34,30000,False
dag_10000_long_0.dot,1,109991763128.278,109991743115.416,109991763128.278,109991743115.416,110016967414.96,109993462228.519,110058985033.813,109992881195.208,110017427824.46,109993922638.018,10000,False
dag_1000_wide_1.dot,1,821971645.953296,1028798746.11611,992013341.867502,1034220787.15753,830496205.619981,1209942898.12043,914442157.172117,2576539582.69739,946780549.905101,3201471592.65448,1000,False
dag_2000_wide_4.dot,1,1702328534.87338,1885679015.99144,1695847890.20317,1852737487.07495,1500485142.20344,2866513508.28313,1540231457.9507,5347821865.94231,1630092166.12038,6841711140.92711,2000,False
dag_2000_long_1.dot,1,22132077958.1847,22115420069.5425,22149420038.3256,22115420069.5425,22154247248.0271,22116888164.8468,22155269612.0066,22115420069.5425,22154247248.0271,22116888164.8468,2000,False
dag_15000_general_1.dot,1,65547701685.8257,67026246754.7316,65612999141.4699,67186565740.477,65585266017.3547,74775283880.2081,65737392881.9709,108229660532.076,65650836529.743,117467786423.773,15000,False
dag_50_wide_2.dot,1,143174065.772925,184644070.822379,158081295.452969,142236671.066926,183563676.641888,166098028.340946,157459400.096325,168984813.695748,183122003.305347,196462965.120006,50,False
dag_25000_long_2.dot,1,278338365964.623,278336188423.022,278349136463.919,278336188423.022,278363199902.259,278334715100.254,278405317256.052,278335790615.715,278405080425.331,278337712274.923,25000,False
dag_8000_general_0.dot,1,34514161721.5718,35653823623.4189,34501157608.6225,35755456675.9165,34660593949.9402,39014545499.2206,34638585943.3758,57547578300.9193,34580717343.655,62243415781.3212,8000,False
dag_10000_general_0.dot,1,43971622318.3537,44935679226.8729,43964454307.6504,44773515703.4975,43939858354.03,48457265140.6184,43955607731.4868,72768616384.2268,44054549091.4726,78362014759.1085,10000,False
dag_8000_wide_0.dot,1,6265713506.23963,7717939125.43295,6389170157.75119,7579752065.22894,5961740711.53581,9714172933.22305,6076997232.066,19512040000.4467,6242278502.41148,26457179370.9057,8000,False
dag_2000_general_0.dot,1,8804974057.63186,9027223902.05925,8818014242.95388,8937090879.8447,8958017389.79332,9556781107.46567,8894887115.30301,14415242112.3922,8911480885.83402,15114100744.0376,2000,False
dag_30000_wide_2.dot,1,22683421741.0574,28541213055.9475,22240246221.715,28090643613.9767,21674372562.385,39085655118.9688,21569570171.9261,75001181062.2381,22315283741.8428,100712899268.057,30000,False
dag_25000_wide_3.dot,1,19349594048.289,23881321123.7029,18586633019.0902,23217050780.0436,17998160179.5993,30695271380.2748,18352850532.728,63823582972.0923,18836988550.0204,83584521921.6805,25000,False
dag_2000_long_3.dot,1,22969415194.6138,22953332522.5298,22980229844.8351,22953332522.5298,22981456640.7935,22951433225.9266,23032454268.4434,22951720789.0825,22981456640.7935,22951433225.9266,2000,False
dag_2000_wide_2.dot,1,1712607297.3223,2007107220.78235,1783062729.77244,2028063423.65296,1608931378.75758,3371904713.12149,1644855649.60272,5083017886.35312,1776548391.96502,6854577140.63683,2000,False
dag_2000_long_4.dot,1,21246888995.3561,21210012295.7643,21253251618.8837,21210012295.7643,21225961399.5184,21208862805.2461,21300693644.4572,21208862805.2461,21225348736.4517,21208265435.3761,2000,False
dag_15000_wide_1.dot,1,11390900633.7963,14379011252.8698,11317639791.8586,14126232171.7439,10816407661.1954,16239605621.7571,10968400278.0767,37671214464.4387,11226426982.7916,50541636210.0453,15000,False
dag_15000_general_3.dot,1,64531155930.3105,65764324021.4756,64438249829.5251,65989363033.2946,64477857711.146,70511356682.4744,64411903538.675,106461660601.394,64457092890.3275,116168282271.239,15000,False
dag_200_general_1.dot,1,1220224763.3812,1186454885.96832,1250043188.17394,1153720874.57592,1230800489.70775,1324117472.86648,1207964016.82387,1525929937.38757,1241956623.51007,1666375485.33357,200,False
dag_15000_long_3.dot,1,164957932914.94,164925933400.688,164957932914.94,164925933400.688,164933578034.964,164926648710.619,164958265771.613,164925933400.688,164933578034.964,164926648710.619,15000,False
dag_4000_long_3.dot,1,44722223383.1524,44722210341.382,44722223383.1524,44722210341.382,44779031677.5171,44722311465.181,44776241789.1796,44724094554.3666,44776241789.1796,44724094554.3666,4000,False
dag_1000_long_1.dot,1,10649129588.6004,10609483690.5525,10661434622.3328,10609483690.5525,10692287586.262,10609483690.5525,10692287586.262,10609483690.5525,10639588121.0793,10612196698.0333,1000,False
dag_30000_long_0.dot,1,334338400587.825,334328926540.859,334341912934.831,334328926540.859,334365468014.426,334331436125.877,334365303238.822,334329339190.751,334365483162.694,334331451274.144,30000,False
dag_20000_general_0.dot,1,85192351697.1483,88294012864.6601,85133266437.7276,89320510281.3264,85127833784.3086,94131341989.5774,85189397654.6653,141986020902.113,85297790926.4718,154436837845.031,20000,False
dag_20000_long_4.dot,1,222511261461.204,222511261461.204,222512893181.372,222511261461.204,222549274073.187,222510636351.3,222583605464.221,222511390907.523,222579200628.275,222510636351.3,20000,False
dag_50_long_2.dot,1,509052757.239961,467496275.280856,510934779.525411,467496275.280856,511630498.018177,468325320.052418,509235957.010726,467511827.696435,554120241.800057,470333528.171967,50,False
dag_15000_long_0.dot,1,168818035462.067,168817953081.448,168818035462.067,168817953081.448,168843800015.067,168819623921.963,168844094734.332,168818781989.239,168843800015.067,168819623921.963,15000,False
dag_1000_wide_0.dot,1,926719433.282296,1070911102.26832,943835618.038316,1079791589.97763,886968837.422783,1470623377.37916,969811713.03973,2530409562.00162,943780990.701152,3150662545.62909,1000,False
dag_4000_wide_4.dot,1,3147043519.59756,3997164418.68111,3395051563.13939,3859118643.78545,3045277478.755,4681298953.121,3053320424.20937,10053600135.1483,3296654899.12705,13910143099.4126,4000,False
dag_4000_wide_1.dot,1,3043706131.9579,4110895810.78837,3059546641.1877,3938295202.90754,3013273146.63734,4284765084.78796,3077045598.19223,10488177256.0921,3226522068.77458,13334983691.5025,4000,False
dag_1000_wide_2.dot,1,831667731.716523,1024746976.34746,893140714.846542,1017466041.31783,852240349.3692,1556123185.03903,921047579.449915,2730537423.103,962590300.691287,3374755166.72198,1000,False
dag_15000_wide_2.dot,1,11565134962.8152,14236022066.1955,11369146537.7714,13971237966.6643,10811175202.213,17123429195.5164,10933641291.17,37514050618.519,11258781023.3482,49555722094.0055,15000,False
dag_15000_wide_4.dot,1,11264315028.5743,14258721449.4185,11160573756.5528,13921250700.7593,10933619296.6304,19379544851.537,11012395325.8561,37867696781.7596,11294414555.6637,50957878562.8762,15000,False
dag_25000_general_1.dot,1,108854935799.004,110944381706.438,108864483903.2,113480351581.953,108745511973.279,120599004123.247,108695059412.056,178399232007.172,109009465263.951,192817114208.042,25000,False
dag_30000_wide_1.dot,1,22636427885.6467,28846682528.5088,22219021708.3588,28094282337.9344,21766350725.0963,37268458810.1267,21820939635.427,74814683259.6185,22360467420.1116,100817151118.376,30000,False
dag_25000_long_1.dot,1,278282302263.591,278264096838.829,278282302263.591,278264096838.829,278282171944.343,278264940773.014,278282171944.343,278264940773.014,278282171944.343,278264940773.014,25000,False
dag_30000_general_2.dot,1,130344003712.208,133089895026.86,130326678653.283,135012310931.128,130414639143.825,141169293572.314,130274398855.168,213768496916.425,130390159849.408,231499653805.757,30000,False
dag_200_general_3.dot,1,1686683095.99552,1177043976.76974,1554547355.03213,1340094113.12399,1614705763.41825,1503492064.36853,1594195682.06715,1972578516.45425,1976189653.96604,2086454838.61828,200,False
dag_30000_wide_3.dot,1,22700399753.159,28481772080.7133,22552045712.6339,27884398853.0617,21629136414.3736,34875556886.8886,21687255184.1568,74906876433.9006,22428793819.7918,100396332036.96,30000,False
dag_20000_long_2.dot,1,219702376232.465,219675792046.231,219727984737.176,219675792046.231,219691675464.351,219674888848.119,219743787202.377,219676112772.936,219743186338.794,219675736650.531,20000,False
dag_10000_long_1.dot,1,110341533302.235,110341533302.235,110341533302.235,110341533302.235,110376162109.574,110343326201.312,110375657721.073,110342114377.13,110376162109.574,110343326201.312,10000,False
dag_20000_general_4.dot,1,86674002978.9283,88818199810.4281,86802686490.4475,89786538206.7084,86789168478.3827,95183851625.7702,86869837232.7301,142021373964.379,86993120736.3899,154784509741.911,20000,False
dag_15000_long_4.dot,1,163642411562.255,163639685336.004,163642249969.917,163639685336.004,163742039730.591,163643160242.123,163742482425.068,163643160242.123,163741969757.323,163645125052.436,15000,False
dag_8000_wide_1.dot,1,5989540537.2491,7626298393.3619,5973339534.55678,7456933101.3393,5861922894.34171,10808736366.8399,6042100051.23105,20116328928.2012,6088049924.43399,26584298564.2295,8000,False
dag_2000_general_1.dot,1,8691499554.81588,8956995819.94699,8606900981.39353,8778229750.00959,8820000301.90538,9694311742.87321,8656951081.03983,14309217714.8884,8735984929.33198,15212800211.3528,2000,False
dag_1000_general_2.dot,1,4730095545.11445,4649351986.11065,4588718725.72709,4600832892.00156,4616111317.94238,4833597576.48136,4636492856.06801,7079823243.69933,4635861225.63084,7682055164.66496,1000,False
dag_25000_general_2.dot,1,108489963283.828,110682703516.452,108523520697.794,112328176973.495,108578385631.387,121044268078.21,108635616005.679,177817002244.392,108595654110.518,190739918936.848,25000,False
dag_200_general_2.dot,1,1085324269.40864,989481365.603535,1091410301.33708,1019391913.72809,1054863723.32212,1115632199.1384,1248991457.54907,1450955547.47415,1170294769.55292,1484273035.99191,200,False
dag_4000_general_4.dot,1,17533683659.8971,17991763320.369,17368035400.2715,17996141082.3744,17452276491.155,18926493678.4333,17423023471.6314,28691902223.9429,17576445581.467,31159197612.0731,4000,False
dag_1000_long_0.dot,1,10790861631.285,10790861631.285,10790861631.285,10790861631.285,10820013032.9851,10790682388.3829,10844728194.8057,10790682388.3829,10818976597.6671,10789645953.0648,1000,False
dag_200_general_0.dot,1,1182857192.10766,1073029074.49084,1188240680.48543,1091508318.80896,1205748143.64307,1171323685.64587,1383432760.34983,1461352221.76228,1267208208.23182,1662201702.37792,200,False
dag_8000_wide_4.dot,1,5945732335.844,7565147625.51206,5937435288.96349,7305594981.27449,5785221636.94571,10038188856.148,5849062387.21426,19896139732.0239,6076358792.16407,26451928369.9205,8000,False
dag_4000_long_4.dot,1,43632107760.0807,43609666288.9045,43654827675.7354,43609666288.9045,43697932157.6872,43615370135.0718,43755773480.4221,43609666288.9045,43697161279.9016,43616967614.7323,4000,False
dag_50_long_4.dot,1,519618846.087133,519616084.879222,523912685.569271,519616084.879222,523070470.547964,520064066.801683,522323020.80871,518859807.755534,523070470.547964,520064066.801683,50,False
dag_200_general_4.dot,1,1119961710.5889,993146300.09616,1093490271.57995,1006626531.66891,1165089279.7575,1122310768.93807,1135622165.06753,1478309247.70505,1137973483.06543,1624507319.0477,200,False
dag_25000_general_4.dot,1,107296234137.401,109918925141.762,107253822089.804,111588988033.65,107247306158.358,118223347945.87,107199590682.165,175923677877.178,107125102965.642,191942906317.768,25000,False
dag_8000_long_2.dot,1,89988347433.1791,89988347433.179,89988347433.1791,89988347433.179,90040360190.7992,89990734657.9275,90044618816.3554,89988604514.0244,90040360190.7992,89990734657.9275,8000,False
dag_50_general_0.dot,1,417720046.889564,393741186.642819,423307830.142691,395204171.256514,439039689.63828,411078726.305206,442839850.979665,397233047.81959,430557213.639025,494018443.36908,50,False
dag_8000_general_3.dot,1,34363590427.177,35026942722.5343,34484333666.1705,35015500242.9954,34376143509.6953,37231355297.7856,34467429461.8235,56088026246.8329,34455050010.8373,59876025372.9745,8000,False
dag_15000_wide_0.dot,1,11714403310.3743,14594597950.2461,11340309628.7981,14124572232.8862,10951187650.6879,16691437660.7155,11208455674.9217,38323463934.844,11500891203.5245,50306140735.3793,15000,False
dag_50_general_3.dot,1,325438280.312706,352944325.435831,325438280.312706,347307435.290529,361738777.300316,331920152.324441,337582001.967236,372604902.972812,410087150.001181,374608084.6997,50,False
dag_50_general_1.dot,1,442508489.616096,428736483.740336,469062655.605618,430070661.048496,462534432.105084,434677668.235777,517404915.003022,460492543.371201,475959565.360645,498259230.518031,50,False
dag_8000_general_4.dot,1,35569931215.4685,36023013334.4832,35524650054.2968,36271286507.769,35566354841.5073,40048679188.7709,35496007104.4141,57418927713.8169,35491868814.5688,62448702762.6651,8000,False
dag_10000_general_1.dot,1,43678691892.8309,44938041819.9713,43811507999.1483,45013471436.0142,43710901886.0622,47513210154.7266,43717537973.6142,72500145522.5212,43693629179.4992,77527112026.3698,10000,False
dag_50_wide_1.dot,1,203033208.942784,204562151.324543,208472683.273423,208472683.273698,249718577.404406,233981303.721442,237675181.601269,238646422.198364,236068498.061305,232617298.337925,50,False
dag_10000_general_4.dot,1,46306186391.437,54547660943.1037,45574857599.7266,54237957354.1357,46328669315.7273,58849063542.7812,44125581726.307,90568675269.7202,46975583398.3077,98109278185.807,10000,True
dag_20000_general_3.dot,1,89333994087.6676,107270917760.514,92385531372.3964,107322237933.5,91881437825.3252,120226847087.972,93133616974.6029,183840583065.202,90539389056.5657,194992390783.59,20000,True
dag_8000_wide_3.dot,1,6421924824.65972,9601512745.27964,6096237009.1008,9008886429.3845,5994595099.77494,12585606949.5113,6746457806.66286,24368879461.1446,6558327521.20541,32594720642.2534,8000,True
dag_200_long_3.dot,1,2194762388.55639,2543570745.74252,2233020604.3814,2512389833.98209,2323433511.47177,2537815844.6147,2296837034.55519,2527256961.64252,2204733346.866,2459719074.34822,200,True
dag_2000_wide_3.dot,1,1783775455.54253,2639650509.39157,1653905100.28225,2577172458.94377,1835050551.39137,3183380873.79072,2027889647.86256,7001588433.10202,1827757328.47942,8245980061.24146,2000,True
dag_10000_wide_0.dot,1,7790254438.72797,11780129207.4888,7916084846.50013,11656526532.1155,7704388083.60169,15104630055.934,8107584535.15125,30943185825.2439,8169902165.82062,40754855214.1351,10000,True
dag_50_long_1.dot,1,552242949.010389,638877754.888899,516963117.282169,610310414.067101,483846578.489072,619742701.304916,500816823.309507,608618976.918823,452789648.466708,549318554.182423,50,True
dag_1000_wide_4.dot,1,1041249045.20002,1394852233.41741,1127487617.50105,1345094769.60955,964486859.890139,1949668115.36686,977452709.521865,3282714293.24854,1046224479.15903,3978549004.02504,1000,True
dag_1000_wide_3.dot,1,910589963.906847,1458957991.779,913611126.425672,1240387084.95515,1050784128.77689,2168909564.03251,1012172609.56482,2919240696.31612,1166668480.19587,4015843161.5211,1000,True
dag_50_wide_4.dot,1,127085111.408104,150149740.74566,124837675.030889,148775430.679235,184175774.967456,215109705.743202,179025115.482924,168676339.130547,148943528.718792,200823638.900614,50,True
dag_200_wide_1.dot,1,330697463.440395,391651716.11209,295206539.638604,379003783.078434,373035595.145011,458916444.007531,345485932.583863,710658623.738746,342130030.026585,841514843.757783,200,True
dag_200_long_1.dot,1,2253662499.86809,2665386588.48037,2134728154.50645,2599489527.90011,2123193257.48447,2596030415.9734,2336501370.92678,2614465625.80432,2289577327.28075,2638068584.35093,200,True
dag_50_wide_0.dot,1,124104184.093616,203002895.441939,149662272.874118,170619329.842841,186991216.927306,222746064.065534,186110500.503939,268572083.157419,179608734.047593,239771670.910874,50,True
dag_200_wide_0.dot,1,314347947.879533,397800522.969888,363174742.145405,414158234.3206,381845663.76591,585657065.459205,476669133.264738,857164902.211224,488207459.194352,819899015.054987,200,True
dag_4000_general_1.dot,1,19342828786.9555,22648556550.9785,19657837008.4745,22468230945.4284,19363044109.9818,24609974330.6819,19591346344.9656,37935019849.5818,19159950466.4226,41208487833.715,4000,True
dag_8000_long_4.dot,1,88717687605.0103,105447345187.027,87889758368.3962,104860300488.44,88854953493.962,105553347329.011,87426933264.9628,104554638504.016,88208484439.9566,105086983993.183,8000,True
dag_50_wide_3.dot,1,177810260.850884,192543747.727859,195259872.231412,207203013.23436,145847219.658706,191892382.038619,181461557.604538,207175243.69812,183339435.2721,220718697.546862,50,True
dag_20000_long_0.dot,1,223154352084.999,266402934617.118,223424888402.125,266087406562.481,222567093884.854,266434188747.706,223020303191.363,266129308119.547,222573502146.712,265914149269.312,20000,True
dag_2000_wide_0.dot,1,1708579563.74753,2519618708.99349,1757358828.69985,2468682962.31148,1843298499.7129,3186610251.90445,1771911649.24466,6340446812.37457,1910387485.29074,8482311996.66578,2000,True
dag_2000_general_2.dot,1,9645003031.57355,11386908879.6659,9564279339.09391,11086705201.0328,9754532380.72986,12239126682.8852,9684014924.31802,18063916886.9257,9427993942.56661,20157699285.5806,2000,True
dag_10000_general_2.dot,1,46569661843.5534,54803895847.7494,46076634713.2197,54767115126.179,46159283519.508,61209642991.3744,47154010305.2545,93340258915.6358,46651966204.8547,99195629264.7605,10000,True
dag_4000_long_1.dot,1,44090038150.3609,53112254867.0195,44455532270.1267,53450088075.4421,44122944312.158,53071250526.8774,44977753121.2065,53505814497.6457,44399497568.6569,53270863837.228,4000,True
dag_10000_long_3.dot,1,111010791557.365,132912660947.818,113255566997.077,134339447254.844,111935676333.716,133040801648.357,111334684097.976,133058385155.865,111130585723.943,133159359032.531,10000,True
dag_50_general_4.dot,1,548787214.372217,711278165.231654,484063289.650682,558858786.746902,623752635.998736,594442432.855299,491042190.168359,600726357.829235,629526418.795385,589343691.428578,50,True
dag_10000_wide_1.dot,1,7785290191.83791,11936170563.1997,8090545491.96792,11466691813.9422,7991994873.38286,12739069427.6775,8171422113.39158,30754972593.3321,8537244905.80235,40809624774.4929,10000,True
dag_15000_general_2.dot,1,67206748167.8122,81136852459.4488,67141278026.6862,80639171596.7456,68560584086.1234,92136043498.1197,67457059464.5794,137733313672.894,71509884356.543,148682084012.49,15000,True
dag_50_general_2.dot,1,704438255.752801,775979829.881423,774622348.616339,693022179.477337,775629145.684054,635607554.430994,752437814.525887,672470880.570366,727642084.49705,853086784.211262,50,True
dag_200_long_2.dot,1,2135443320.99746,2489803957.781,2124743966.44939,2519448948.0283,2328602934.85803,2603807515.03172,2204468390.77371,2556195457.83595,2369782433.37604,2700580009.83354,200,True
dag_4000_long_2.dot,1,43430336879.4205,52382838070.6142,44292081012.5273,52664881994.3879,43409582395.5722,52350054929.9844,44063792967.1882,52505001913.1684,43936639072.4611,52336109651.0125,4000,True
dag_200_long_4.dot,1,2366742852.28156,2775460795.98792,2255236745.13702,2759429533.29681,2484375828.78789,2831668565.39025,2386583983.62586,2752705856.88286,2265921814.33962,2739978726.25462,200,True
dag_30000_long_3.dot,1,330175032512.004,395104905824.012,332719399310.041,396631866195.92,335417625385.65,398144936777.448,331695805337.44,396253950141.339,332313875924.931,396340510362.805,30000,True
dag_10000_wide_2.dot,1,7772794257.6849,11780868708.5015,7941044131.02083,11423201550.8883,7885609601.69591,15321688682.4418,7726011164.33878,30505296171.5833,8322142330.70469,40523087256.9605,10000,True
dag_25000_long_4.dot,1,277942781645.866,332478017053.499,279667240413.762,332821372062.338,278504629571.819,332504066581.444,277522528473.759,332008567009.81,277551454583.021,332204498596.727,25000,True
dag_1000_long_4.dot,1,10523611789.6148,12653940505.1407,10570650779.2561,12951499363.0897,10802509462.2377,12965322638.6224,11015627898.2929,13010555297.9225,10802941661.6497,12897414615.7337,1000,True
dag_25000_long_0.dot,1,280004058324.58,334165255711.234,280748433441.754,334341183594.637,278897040619.646,334147407936.488,280012817721.567,333593474983.337,279276680162.301,333642275113.475,25000,True
dag_30000_long_2.dot,1,332050823320.579,398693245969.206,336005271765.24,400288292870.997,332539694514.338,398328600131.167,334828311022.148,399665246714.298,335679891040.337,400158045913.529,30000,True
dag_4000_wide_2.dot,1,3230887024.4692,4795589699.12407,3237168384.64805,4669804586.83395,3264153529.85877,6323448650.32725,3373706810.71946,12432141576.4154,3115736738.38346,15755895485.0865,4000,True
dag_200_long_0.dot,1,2231087147.42771,2668183670.37402,2266705857.10242,2642313802.92211,2095244459.30528,2543466207.53817,2213466248.18293,2585065398.96282,2206498480.84386,2589416139.27941,200,True
dag_15000_long_2.dot,1,167083233384.313,199187827984.29,165695686601.233,198247196798.45,167779249707.933,199739077152.88,166703743280.936,198797470456.113,168007076650.595,200005990915.222,15000,True
dag_1000_general_1.dot,1,5920461351.66136,5834153207.41825,4794035241.90568,5446545761.65956,5531872781.44975,6371681646.50741,5219437256.83785,9315604458.43944,5506653070.85505,10178154577.7796,1000,True
dag_8000_wide_2.dot,1,6399107076.52542,9497491373.55839,6312350824.08033,9319602735.9668,6204073666.67754,13112397585.0188,6139431875.72388,24261809640.4717,6752160457.32903,32141485121.9707,8000,True
dag_20000_long_1.dot,1,217876832223.965,260796437872.563,217132518223.722,261237025755.838,218892956109.043,262237550022.755,221190917351.819,263102336388.451,220575090435.53,262720021155.165,20000,True
dag_2000_general_4.dot,1,9053212638.98795,11536073444.0898,9257731347.86816,11061875940.9988,9336669987.97916,12786760218.658,9571863548.51124,17736773724.6778,9345790772.1374,19346847244.3072,2000,True
dag_8000_general_1.dot,1,36042485706.3702,43028974108.3499,38214311974.1395,42974773969.3956,36092389381.2107,46349529059.9816,36546025802.5992,73091797466.7393,38019441017.2926,79041688164.3863,8000,True
dag_200_wide_3.dot,1,279877665.659872,367110175.414311,276277629.020098,318906190.916543,328566045.28036,541657434.679171,380193114.062303,815962860.580494,423983588.572979,961214332.589225,200,True
dag_15000_general_0.dot,1,69579193734.1528,80334265560.7654,70295164508.0991,80172780826.323,67811582883.5255,89923153819.1805,69880081762.8602,135573570137.575,71226094690.857,148162184186.04,15000,True
dag_200_wide_4.dot,1,356023851.481483,409836514.93659,274975936.946377,340171217.879439,389769824.49013,706798776.774988,351190772.06096,686735038.163366,394763388.626245,860135797.495059,200,True
dag_2000_long_2.dot,1,21851834746.064,26107672325.6638,21410730809.5505,25817552922.0157,21843883097.8789,25924791058.2198,21920792827.8655,26021058457.4231,21638172966.796,25731310862.8593,2000,True
dag_10000_long_4.dot,1,113360913465.549,135452145944.351,113013303528.908,135489633558.575,112847177815.422,134976225761.864,113330643680.619,135533136808.597,113033853196.224,135044132868.264,10000,True
dag_4000_general_2.dot,1,19754469434.3589,22811483009.5631,19500009856.1565,22120190838.2153,19294447041.7221,25929190128.2783,19370273320.9643,36244749017.0752,19228852805.6891,38825572474.0748,4000,True
dag_8000_long_0.dot,1,87372631513.9478,104495765302.569,88087528315.0726,105078825375.406,87285107295.1567,104726079219.114,87626888188.9857,104824517286.931,87694959732.4561,104541969375.861,8000,True
dag_15000_general_4.dot,1,71555935448.0011,82436376461.7645,70525012146.369,82678762715.0515,69656447479.9648,94124725537.9032,68256099287.8755,140145943311.433,69255280991.6424,149878089715.191,15000,True
dag_1000_long_3.dot,1,10700844735.4527,12860737498.6449,10556251223.0139,12927662952.3971,10501479541.845,12755425727.1438,10757567525.9221,12985763973.8171,11066460651.6619,13088880290.3278,1000,True
dag_4000_wide_3.dot,1,3296860824.96697,5010000347.34615,3566071218.32016,4789722871.14287,3533087947.0912,6166800038.6243,3502383107.47852,12139096680.4435,3343002148.48423,16089336084.1201,4000,True
dag_2000_long_0.dot,1,23028800173.3228,27475091025.019,22839400781.0052,27225654666.8386,22362248324.7087,27111262414.0355,22797384052.7235,27021053935.5237,23104657495.0877,27301172512.5731,2000,True
dag_8000_general_2.dot,1,37118047473.1227,44128633203.4042,36967216245.7701,43208949297.7916,38277548967.4733,47031020886.805,36055009599.434,73850846590.5423,37431442369.7285,79031176800.7394,8000,True
dag_4000_wide_0.dot,1,3393048465.38482,4898284129.94449,3204501015.39452,4545171540.29034,3260303132.00526,6298431536.59855,3031324151.81357,11686244469.6834,3453726252.59375,15650735126.2565,4000,True
dag_20000_long_3.dot,1,222394917389.434,265962469981.264,223918869294.452,265921706909.181,221491308627.512,264584323572.667,221532674160.228,264532311534.518,221468970819.154,264874811377.01,20000,True
dag_10000_general_3.dot,1,47973452104.05,54219896381.0405,48594255490.8978,54316650114.8666,44840416933.3122,59120533675.8914,46096940661.5729,91333183415.4967,46425238001.1348,99425884786.0298,10000,True
dag_15000_long_1.dot,1,168383740467.908,200677012819.687,168409644778.173,201243378660.642,168603644476.357,201859537500.511,169384156448.141,201508626977.904,168713246201.584,201558607833.361,15000,True
dag_1000_long_2.dot,1,11104935032.4833,13381948182.8695,10968432452.7655,13127129143.9754,10928925520.5169,13109095510.4696,11264183184.3901,13404406935.086,11429311799.4748,13482825589.6259,1000,True
dag_4000_general_0.dot,1,18752738560.3776,21459658798.2726,18033364357.4974,21172657851.6136,18790481743.2191,24018744724.3812,19230780747.2053,35633637212.8053,19054318838.2306,38562357320.1261,4000,True
dag_30000_long_1.dot,1,330927860934.835,395674758989.747,330320873523.946,393934616633.324,330590736141.43,395221856005.339,330682406335.94,394025470381.409,330049227298.472,394582360259.486,30000,True
dag_2000_wide_1.dot,1,1707096303.43415,2454436819.67706,1750061112.69561,2606709650.43123,1763989983.95202,3316639094.24977,1990735479.18465,6475035256.58904,1934314299.77102,8098876147.42267,2000,True
dag_8000_long_1.dot,1,87102999720.1493,104216586311.143,87391745410.0949,104637584342.084,88201172166.7263,105147925274.548,87497700919.3153,104427302830.798,88684294135.6662,105205245257.227,8000,True
dag_1000_general_4.dot,1,5640171775.14211,5803987244.33975,5137183173.69024,5677494396.42141,5679692629.86883,6592853794.46833,5753411950.82795,9644434084.0994,5195618866.80134,10039176706.6492,1000,True
dag_4000_general_3.dot,1,20504547075.7372,21878408139.6598,20096576732.0298,22186043560.3127,19780158849.9584,24826073785.4949,18938946311.186,36864051216.1768,20157584193.6096,39835968228.9036,4000,True
dag_8000_long_3.dot,1,88368651571.8955,104936222693.388,87970119969.7373,105159309056.529,88105629990.0438,104637202337.866,88015215270.3604,104850484851.023,87535920473.3102,104474732095.711,8000,True
dag_10000_wide_4.dot,1,7881048324.86543,11736604341.2362,7968348060.64918,11667911261.0892,7797333574.96697,14484428364.2362,7697784129.1239,30513204785.2252,7765157480.29403,40689886576.377,10000,True
dag_10000_wide_3.dot,1,7917437632.39691,11603121027.4693,8312289737.48033,11366576528.7974,7650324146.17131,15836421925.9335,8144571896.27257,30103180211.8547,7826805988.51394,40431098477.6802,10000,True
dag_1000_general_0.dot,1,5136277264.59475,5801309064.01911,5191031633.90868,5794440902.93063,4726023409.992,6095303674.98038,5269832745.91338,9294654019.59106,5256720712.65979,10057423360.7702,1000,True
dag_25000_long_3.dot,1,279201890882.412,333879001166.276,279039227899.433,332878819297.703,278549144987.123,332088742730.721,277435608428.11,332141138337.725,277624395483.257,332185327100.551,25000,True
dag_200_wide_2.dot,1,370051715.748744,384424022.678921,370641768.760378,442868208.36056,407840859.902759,529637902.898402,370407159.892504,667073925.806591,435022736.780893,765038515.569267,200,True
dag_10000_long_2.dot,1,112094820615.665,133727325819.369,111183535127.547,132966118654.808,112069705297.531,133281667709.731,110457514372.813,132679020645.657,111392925668.848,132847477716.718,10000,True
dag_1000_general_3.dot,1,5122195066.42791,5731174386.74254,5190939763.25283,5828302360.28515,5094400797.20908,6262505833.00505,4894589455.17675,8805115492.02328,5232376695.0378,10031053015.4106,1000,True
dag_2000_general_3.dot,1,10356293142.0828,12011635452.3825,9636257593.24501,11029403312.1564,9653975685.35798,11967843265.1752,9464969423.11201,18476193677.5589,10384260880.5723,19656026017.4569,2000,True
dag_50_long_3.dot,1,563182820.495014,597473281.114744,415793434.47052,533317397.363038,482889446.227696,524349309.041856,532588616.147246,534118841.366739,530221304.801001,596662132.760328,50,True
dag_4000_long_0.dot,1,43254609482.285,52156383151.7874,44365742577.1742,52760402336.0299,43940147246.3342,52458798255.5542,44180674741.2927,52473851973.8371,43855430707.1005,52478218950.762,4000,True
dag_30000_long_4.dot,1,336215008940.488,400997275826.383,336477779085.124,400761970016.143,336628899760.36,401353270439.226,334356020510.4,400630049006.355,333711848485.658,399495968752.739,30000,True
dag_50_long_0.dot,1,436444516.481143,492525745.049407,339618744.463042,430264391.045741,420063844.33979,441516933.217944,390675759.752033,450307891.017446,485561468.589144,488763662.64501,50,True
dag_10000_long_0.dot,1,109777621356.551,131595081318.853,109987970515.066,131853452892.23,109636571224.465,131450611477.11,110199977013.64,131643983633.812,110301433706.164,131739802536.582,10000,True
dag_1000_wide_1.dot,1,911597686.393592,1275552071.96773,1084204718.16484,1333883204.38175,885380900.442126,1560375078.41947,971212090.424077,3186270582.54626,1160421567.31736,3870129068.26052,1000,True
dag_2000_wide_4.dot,1,1657118201.46211,2391574885.51737,1694128422.27485,2386769880.38223,1745498021.1753,3646148844.00706,1745992990.61253,6315933597.00908,1866137769.04443,8558591085.46233,2000,True
dag_2000_long_1.dot,1,22024348087.1416,26337898940.0643,22516683417.793,26651735384.1356,21782473476.5379,26404294870.1558,22266638626.2321,26590409922.5959,21454542595.3186,25934124088.0658,2000,True
dag_15000_general_1.dot,1,70767735307.6626,81475394728.4307,70211341660.4454,81887896252.6628,69385984378.5825,94488196641.4914,70662275044.3143,140213120933.56,69195493672.8204,149391972222.339,15000,True
dag_50_wide_2.dot,1,154628105.771266,185092989.773437,186310897.71947,181321471.235998,194430915.13855,203660502.207338,177960380.789603,197264764.090787,190169542.943271,218732208.532282,50,True
dag_25000_long_2.dot,1,279090535519.406,334039814114.231,280655559319.916,335303179688.462,279601901989.681,333436781343.341,278626954772.688,333369824952.782,278330894157.881,333580049489.717,25000,True
dag_8000_general_0.dot,1,35455732705.6797,43977442702.8957,37974668674.6642,43967542541.4488,36883194844.7777,48700655501.4531,37651783546.9625,73486807655.1519,37589895610.1246,78866224841.1676,8000,True
dag_10000_general_0.dot,1,45144844627.3067,54153013676.6044,47355996882.4819,54386139360.1674,46970847500.6801,60621738481.9851,45915173896.8338,93965696802.5266,45246183820.1591,99056645131.6913,10000,True
dag_8000_wide_0.dot,1,6426495668.13801,9519465588.8481,6587922321.97126,9430074211.15471,6334263215.99727,11814949081.4123,6268633724.65694,23523664484.1391,6562240904.46924,31591355641.9013,8000,True
dag_2000_general_0.dot,1,9840665301.49754,11526924077.7383,9431095899.07889,11174777265.35,9876223705.63995,12262235714.9337,9566247003.49907,18267546490.0773,9594952266.10511,19265757340.659,2000,True
dag_2000_long_3.dot,1,23360660182.5729,27637363808.1704,23584207203.5484,27705318840.2421,22957316579.237,27514767908.4987,23123049410.1629,27475755399.0759,23167554896.7642,27636080026.7286,2000,True
dag_2000_wide_2.dot,1,1757563200.9929,2532054037.86349,1884408685.47619,2520317919.8096,1964431968.70525,4170461976.51319,1797420383.80632,6232138513.99979,1873574113.32508,8459841090.23273,2000,True
dag_2000_long_4.dot,1,21744754135.0808,25799213783.9196,21450205049.327,25356753878.8196,21327661028.0602,25449107398.4979,21822387791.1783,25809133289.8774,20794699852.3887,25343019613.5902,2000,True
dag_15000_general_3.dot,1,67336122590.8054,80499716968.2811,67891277395.4401,79739360912.5361,68942869902.3651,88671627842.6348,66628342551.1286,134746217201.425,68968081712.1752,149229359714.88,15000,True
dag_200_general_1.dot,1,1463896442.57486,1461596473.35884,1333902586.19868,1417979905.05722,1616158561.11305,1670129823.60303,1415732215.48215,1813755123.53301,1449307668.73524,1930942575.89948,200,True
dag_15000_long_3.dot,1,165209316011.701,197417390769.967,166125665096.046,198101540731.089,163679542493.065,196804511756.637,165439691018.591,197888956300.665,165444526144.735,197559856648.456,15000,True
dag_4000_long_3.dot,1,44482643923.1201,53114164620.2603,44465639406.4951,53488217432.358,44991427434.3833,53405334924.9886,45357786293.9352,53851274854.8273,45494291179.4978,53894251464.8643,4000,True
dag_1000_long_1.dot,1,10833020366.0614,12797433876.8381,10616139448.4667,12684469089.3745,10945458403.66,12620385422.044,10589063243.1972,12568026346.5556,10678762521.4762,12806968357.8597,1000,True
dag_30000_long_0.dot,1,335987537822.112,400855074232.738,336127638402.506,401098770312.437,335418386140.741,401070780612.374,337786365463.202,401897430522.742,337747573773.974,402570788359.694,30000,True
dag_20000_general_0.dot,1,90727888641.4547,107032400133.469,91599812734.0038,108229849393.116,89349198806.8641,118603845188.916,87218779173.687,182084570662.873,90442860234.7017,198021202294.926,20000,True
dag_20000_long_4.dot,1,222882236530.356,266476271601.487,222825142769.243,266210665881.356,223509839219.561,267171028202.972,222515109175.493,266444324682.219,223419503284.439,267201361726.178,20000,True
dag_50_long_2.dot,1,571310196.126613,555953567.957664,532078374.1737,540168149.7131,443626475.567674,528430473.253489,555125174.12914,595404301.193123,605233648.565171,582699617.3516,50,True
dag_15000_long_0.dot,1,169302421676.048,202491190990.089,170133592211.687,202623842965.251,170248867339.639,202767245578.392,169776611487.5,202599852537.671,169289217490.047,202206077739.561,15000,True
dag_1000_wide_0.dot,1,966635815.823637,1309253475.09274,957192605.757648,1334505154.23282,897133655.608863,1767986256.28868,873313660.67788,2968703285.34537,1049466500.38993,3709875158.81004,1000,True
dag_4000_wide_4.dot,1,3255285726.81587,4982053656.14435,3225434678.05062,4836204713.01939,3346104669.54477,5585506679.36573,3289731139.43338,12043121686.4283,3425003565.97124,16501723882.7202,4000,True
dag_4000_wide_1.dot,1,3385918827.09756,5042001942.4883,3463866877.86463,4941106553.35545,3171654282.99356,5167321339.96131,3476182264.9246,12799317684.6411,3686719176.042,16357730451.6798,4000,True
dag_1000_wide_2.dot,1,903414164.444092,1238059962.23333,920727029.685601,1302521791.28909,936027672.798666,1813626157.26994,1239264705.85116,3567380469.93915,1083258188.32919,4158465225.67689,1000,True
dag_25000_long_1.dot,1,279046421046.486,333300654697.709,281019154541.963,334233545032.973,281512272804.573,334455365941.519,280561378784.574,334032431911.154,279536130588.716,334135931458.088,25000,True
dag_200_general_3.dot,1,1883507234.47869,1598919296.48442,2361376475.50345,2029178434.24311,2196024399.98475,2078703794.28291,1819163128.7502,2279139527.24097,2444011598.10895,2602076202.20924,200,True
dag_20000_long_2.dot,1,221269251284.401,263758680256.338,219913093126.013,262953016208.067,219253187135.852,262925006676.79,220969277871.981,263574134027.252,220434476452.209,263666074794.576,20000,True
dag_10000_long_1.dot,1,110366148265.687,132186935956.109,110891416331.154,132232263129.385,111486882950.279,132565371096.85,111122028183.014,132675849256.977,110941213606.037,132492345478.848,10000,True
dag_20000_general_4.dot,1,91118137370.5837,108163159150.565,90337937145.1381,108291142695.727,89984487336.9653,119796394313.36,93296574424.5458,181077379383.703,90748414890.8399,197496646716.545,20000,True
dag_15000_long_4.dot,1,163918198846.111,196147144912.083,163524971905.744,195810513516.236,165478518244.093,196855862679.155,162371399163.738,194878645102.848,165147575086.675,196714081680.954,15000,True
dag_8000_wide_1.dot,1,6405123284.66736,9398686364.30298,6556539630.96928,9308770281.23907,6311452190.66259,13092695953.9435,6132595737.35164,24103453126.3192,6794942771.48049,32464473293.4669,8000,True
dag_2000_general_1.dot,1,9474592068.10563,10946051929.6608,9405083109.19697,10757284951.5978,9853467945.11389,12644029657.7123,10030470446.3802,18032402850.1041,10195587041.8525,19305720095.7238,2000,True
dag_1000_general_2.dot,1,4711852025.73452,5633431770.50924,5052679453.3433,5669849930.25507,4897033753.66903,6275558975.60556,5314404916.0168,9151263157.89721,5125183193.02535,9587204839.12762,1000,True
dag_200_general_2.dot,1,1186047111.36971,1290119747.39075,1258538070.46905,1191609314.31629,1306331469.65373,1356703560.25756,1246232507.51937,1699992445.42384,1351922520.10139,2190436875.35862,200,True
dag_4000_general_4.dot,1,18969897900.2702,21905587603.4388,19404951102.3186,22526833257.675,17792047882.787,23563550643.9259,19685888421.238,36986238662.3974,19627425364.2396,40163408551.9514,4000,True
dag_1000_long_0.dot,1,11284056847.2314,13339984630.6509,10282660677.513,12638331406.4255,10827534971.0338,12923712877.8655,11127749700.5462,12958844343.6214,10964917647.7961,12926496006.2518,1000,True
dag_200_general_0.dot,1,1469381770.36945,1328012256.49708,1352511759.63437,1296548751.36606,1555362356.36821,1673937922.2914,1541448905.62171,1973354898.33482,1402434341.41771,2042616695.97282,200,True
dag_8000_wide_4.dot,1,6466352229.22915,9362222962.2909,6364981387.73684,9025118254.23408,6089471393.61885,12315386468.7088,7008457622.57217,24115038730.9564,6558848018.19819,31787645759.1109,8000,True
dag_4000_long_4.dot,1,44319259479.9254,52538398191.1814,45496832762.8381,53125518293.8892,44487969727.9243,52625381873.2265,44287849850.8753,52426590529.148,43703320184.0114,52271558138.5326,4000,True
dag_50_long_4.dot,1,477359456.844451,596803757.510954,491355458.169082,616526492.189147,414388901.451025,538930418.133612,517462438.040693,605295415.913363,560346183.547458,639410716.697714,50,True
dag_200_general_4.dot,1,1125166364.33162,1171719375.02125,1227997091.99622,1299956620.28004,1331735960.75062,1402072623.39599,1370599478.23162,1908796861.25102,1300814927.04785,1867938852.88418,200,True
dag_8000_long_2.dot,1,88986701548.751,107172516314.503,88798255101.4061,107080997839.465,90678477855.9905,108269418460.442,90744194985.6522,108236482651.152,90684809504.3507,107866663567.276,8000,True
dag_50_general_0.dot,1,465199369.299299,524146708.248146,550353341.880578,449539023.114009,422764807.879217,501583086.349822,581985863.980518,496106804.132509,495095504.471542,600278399.866466,50,True
dag_8000_general_3.dot,1,37542853374.205,42917133805.3695,36220661715.0011,42370404825.1545,36255392188.2854,46829098890.6859,36250760606.6417,72151419607.3687,36826985524.6345,76146688202.1176,8000,True
dag_50_general_3.dot,1,414069763.748324,508384592.565864,400234953.18529,536145011.395307,383089988.198785,398320834.93688,409546821.255592,482686636.212101,353652702.6541,435281854.414996,50,True
dag_50_general_1.dot,1,438780406.994414,522114497.006595,611463372.391549,609697585.48129,401630404.949888,435488849.761607,614156855.642729,539591780.040557,602719534.989214,637065931.779666,50,True
dag_8000_general_4.dot,1,37180710693.5078,44523381162.2596,36375434380.2283,44646101214.8475,38328318580.3054,50192352366.5469,37969409463.8334,73529977087.4292,39075658810.8766,80124541771.3715,8000,True
dag_10000_general_1.dot,1,45398887404.2807,54644528366.2545,46164566150.545,54548904099.364,48136384235.4333,60073021811.6033,48397775937.4553,92473300202.7368,46860647530.143,98363882306.8002,10000,True
dag_50_wide_1.dot,1,187454603.480925,228169399.981635,273287743.299203,297018761.794254,180428668.7621,243652130.01209,214444838.073298,271088884.398481,218462187.561425,282337743.497131,50,True
